<?xml version="1.0" encoding="ISO-8859-1"?>
<?xml-stylesheet href="homefront.xsl" type="text/xsl"?>
<!DOCTYPE TEI PUBLIC "-//UNL Libraries::Etext Center//DTD homefront.dtd (UNL Etext Center)//EN" "homefront.dtd" [
<!NOTATION jpeg SYSTEM "JPEG">
<!ENTITY homefront.news.dp.19440901 SYSTEM "homefront.news.dp.19440901.jpg" NDATA jpeg>
]>

<TEI id="homefront.news.dp.19440901">
<teiHeader>
<fileDesc>
<titleStmt>
<title level="m" type="main">Fort Logan Designated as Demobilization Post</title>
<author></author>
<principal>R. Douglas Hurt</principal>
<respStmt>
<resp>Project Team</resp>
<name>Katherine Walter</name>
<name>Brian Pytlik Zillig</name>
<name>Laura Weakly</name>
<name>Zach Bajaber</name>
<name>Nic Swiercek</name>
</respStmt>
</titleStmt>
<editionStmt>
<edition>
<date>2008</date>
</edition>
</editionStmt>
<publicationStmt>
<idno>homefront.news.dp.19440901</idno>
<authority>The Home Front in the Great Plains During World War II, 1939&#8211;1945</authority>
<publisher>University of Nebraska&#8211;Lincoln</publisher>
<distributor>
<name>Center for Digital Research in the Humanities</name>
<address>
<addrLine>319 Love Library</addrLine>
<addrLine>University of Nebraska&#8211;Lincoln</addrLine>
<addrLine>Lincoln, NE 68588-4100</addrLine>
<addrLine>cdrh@unlnotes.unl.edu</addrLine>
</address>
</distributor>	
<date>2008</date>
<availability>
<p>Copyright &#169; 2008 by University of Nebraska&#8211;Lincoln, all rights reserved. Redistribution or republication in any medium, except as allowed under the Fair Use provisions of U.S. copyright law, requires express written consent from the editors and advance notification of the publisher, the University of Nebraska&#8211;Lincoln.</p>
</availability>
</publicationStmt>
<notesStmt>
<note type="project">

</note>
</notesStmt>

<sourceDesc>

<bibl>
<title level="j">Denver Post</title>
<title level="a">Fort Logan Designated as Demobilization Post</title>
<title level="a" type="sub"></title>
<title level="a" type="sub"></title>
<author></author>
<biblScope type="pages">3</biblScope>
<biblScope type="columns">4-5</biblScope>
<publisher>Denver Post</publisher>
<pubPlace>Denver, Colorado</pubPlace>
<date value="1944-09-01">1944-09-01</date>
</bibl>

</sourceDesc>
</fileDesc>

<profileDesc>
<textClass>
<keywords n="topic">
<term></term>
</keywords>
</textClass>
</profileDesc>

<revisionDesc>
<change>
<date>2008-10-22</date>
<respStmt>
<name>Nic Swiercek</name>
</respStmt>
<item>Transcription and Initial Encoding</item>
</change>
</revisionDesc>
</teiHeader>

<text>
<body>
<div1 type="part">
<!--
<figure entity="homefront.news.dp.19440901">
<figDesc></figDesc>
</figure>
-->
<pb n="p3"/>
<head type="main">Fort Logan Designated<lb/>
As Demobilization Post</head>
<milestone unit="smallbar"/>

<p>Fort Logan, Colo., is one of eighteen posts of the nation where returning Yanks will be discharged from the army and returned to civilian life when the fighting ends, the war department announced Friday, according to a Washington dispatch.</p>

<p>As in 1918, Fort Logan will be the spot where thousands of soldiers of the Rocky Mountain area will bid farewell to uniforms and bugle calls. Such centers have been chosen on a basis of population densities. Others in the west include Jefferson Barracks, Mo., Fort Leavenworth, Kan., Fort Douglas, Utah, the Presidio at San Francisco and Fort Lewis, Wash.</p>

<p>Fort Logan officials had announced Thursday their post has been designated as one of eighteen throughout the country for carrying out of "certain army-wide personnel functions," including induction of newly drafted men and reprocessing of men returned from overseas for reassignment. They said Friday, however, that so far they have not been notified officially that the post also will be a discharge center.</p>
</div1>


</body>
</text>
</TEI>