<?xml version="1.0" encoding="ISO-8859-1"?>
<?xml-stylesheet href="homefront.xsl" type="text/xsl"?>
<!DOCTYPE TEI PUBLIC "-//UNL Libraries::Etext Center//DTD homefront.dtd (UNL Etext Center)//EN" "homefront.dtd" [
<!NOTATION jpeg SYSTEM "JPEG">
<!ENTITY homefront.news.owh.19430704c SYSTEM "homefront.news.owh.19430704c.jpg" NDATA jpeg>
]>

<TEI id="homefront.news.owh.19430704c">
<teiHeader>
<fileDesc>
<titleStmt>
<title level="m" type="main">Women Do Nine-Tenths of the Work</title>
<author></author>
<principal>R. Douglas Hurt</principal>
<respStmt>
<resp>Project Team</resp>
<name>Katherine Walter</name>
<name>Brian Pytlik Zillig</name>
<name>Laura Weakly</name>
<name>Zach Bajaber</name>
<name>Nic Swiercek</name>
</respStmt>
</titleStmt>
<editionStmt>
<edition>
<date>2007</date>
</edition>
</editionStmt>
<publicationStmt>
<idno>homefront.news.owh.19430704c</idno>
<authority>The Home Front in the Great Plains During World War II, 1939&#8211;1945</authority>
<publisher>University of Nebraska&#8211;Lincoln</publisher>
<distributor>
<name>Center for Digital Research in the Humanities</name>
<address>
<addrLine>319 Love Library</addrLine>
<addrLine>University of Nebraska&#8211;Lincoln</addrLine>
<addrLine>Lincoln, NE 68588-4100</addrLine>
<addrLine>cdrh@unlnotes.unl.edu</addrLine>
</address>
</distributor>
<date>2007</date>
<availability>
<p>Copyright &#169; 2007 by University of Nebraska&#8211;Lincoln, all rights reserved. Redistribution or republication in any medium, except as allowed under the Fair Use provisions of U.S. copyright law, requires express written consent from the editors and advance notification of the publisher, the University of Nebraska&#8211;Lincoln.</p>
</availability>
</publicationStmt>
<notesStmt>
<note type="project">

</note>
</notesStmt>

<sourceDesc>

<bibl>
<title level="j">Sunday World-Herald Magazine</title>
<title level="a">Women Do Nine-Tenths of the Work</title>
<author></author>
<biblScope type="pages">61-C</biblScope>
<biblScope type="columns"></biblScope>
<publisher>Omaha World-Herald</publisher>
<pubPlace>Omaha, NE</pubPlace>
<date value="1943-07-04">1943-07-04</date>
</bibl>

</sourceDesc>
</fileDesc>

<profileDesc>
<textClass>
<keywords n="topic">
<term>Women at work</term>
</keywords>
</textClass>
</profileDesc>

<revisionDesc>
<change>
<date>2007-09-07</date>
<respStmt>
<name>Nic Swiercek</name>
</respStmt>
<item>Initial Encoding</item>
</change>
<change>
<date>2007-07</date>
<respStmt>
<name>Leslie Working</name>
</respStmt>
<item>Transcription</item>
</change>
</revisionDesc>
</teiHeader>

<text>
<body>
<div1 type="part">

<figure entity="homefront.news.owh.19430704c">
<figDesc></figDesc>
</figure>

<pb n="p61"/>

<figure>
<figDesc>General Manger A. R. Capron of the Western Tent and Awning company at Lincoln believes Mrs. Rachel Punch, above, is one of the fastest stitchers in the country. She does four thousand stitches a minute. Her husband is in the service.</figDesc>
</figure>

<figure>
<figDesc>Big tarps are heavy and four women handle them through the stitching machines. The women doing a war job here are Mrs. Elizabeth Hanneman, Louise Payne, Mrs. Faye Kelley and Mrs. Ida Blum.</figDesc>
</figure>

<figure>
<figDesc>Margaret Aguire, seamstress, has real incentive to do her tent-sewing job right. She has two brothers in the armed forces.</figDesc>
</figure>

<head type="main">Women Do Nine-Tenths of the Work</head>

<p>Making army tents and tarpaulins is largely a matter of sewing, a job women do best.</p>

<p>A. R. Capren of the Western Tent and Awning company, Lincoln, will match his fastest, Mrs. Rachel Punch, against the country's best stitchers. She sews four thousand stitches a minute, zips around corners without pausing. Capren has several other seamstresses putting together canvas at his big Lincoln factory who aren't far behind Mrs. Punch.</p>

<p>Women do nine-tenths of Western's war jobs, which has included more than a half million first aid pouches and shelter halves, tent flies and heavy tarpaulins. Several girls of Mexican parentage are employed and are highly efficient.</p>
</div1>

</body>
</text>
</TEI>


