<?xml version="1.0" encoding="ISO-8859-1"?>
<?xml-stylesheet href="homefront.xsl" type="text/xsl"?>
<!DOCTYPE TEI PUBLIC "-//UNL Libraries::Etext Center//DTD homefront.dtd (UNL Etext Center)//EN" "homefront.dtd" [
<!NOTATION jpeg SYSTEM "JPEG">
<!ENTITY homefront.news.owh.19420826 SYSTEM "homefront.news.owh.19420826.jpg" NDATA jpeg>
]>

<TEI id="homefront.news.owh.19420826">
    <teiHeader>
        <fileDesc>
            <titleStmt>
                <title level="m" type="main">'Tribute to Nebraskans'</title>
                <author/>
                <principal>R. Douglas Hurt</principal>
                <respStmt>
                    <resp>Project Team</resp>
                    <name>Katherine Walter</name>
                    <name>Brian Pytlik Zillig</name>
                    <name>Laura Weakly</name>
                    <name>Zach Bajaber</name>
                    <name>Nic Swiercek</name>
                </respStmt>
            </titleStmt>
            <editionStmt>
                <edition>
                    <date>2007</date>
                </edition>
            </editionStmt>
            <publicationStmt>
                <idno>homefront.news.owh.19420826</idno>
                <authority>The Home Front in the Great Plains During World War II,
                    1939&#8211;1945</authority>
                <publisher>University of Nebraska&#8211;Lincoln</publisher>
                <distributor>
                    <name>Center for Digital Research in the Humanities</name>
                    <address>
<addrLine>319 Love Library</addrLine>
<addrLine>University of Nebraska&#8211;Lincoln</addrLine>
<addrLine>Lincoln, NE 68588-4100</addrLine>
<addrLine>cdrh@unlnotes.unl.edu</addrLine>
</address>
                </distributor>
                <date>2007</date>
                <availability>
                    <p>Copyright &#169; 2007 by University of Nebraska&#8211;Lincoln, all
                        rights reserved. Redistribution or republication in any medium, except as
                        allowed under the Fair Use provisions of U.S. copyright law, requires
                        express written consent from the editors and advance notification of the
                        publisher, the University of Nebraska&#8211;Lincoln.</p>
                </availability>
            </publicationStmt>
            <notesStmt>
                <note type="project"> </note>
            </notesStmt>

            <sourceDesc>

                <bibl>
                    <title level="j">Morning World-Herald</title>
                    <title level="a">'Tribute to Nebraskans'</title>
                    <title level="a" type="sub">Scrap Judges Hail 'Energy and Patriotism' of
                        People</title>
                    <author/>
                    <biblScope type="pages">1-A</biblScope>
                    <biblScope type="columns">2-3</biblScope>
                    <publisher>Omaha World-Herald</publisher>
                    <pubPlace>Omaha, NE</pubPlace>
                    <date value="1942-08-26">1942-08-26</date>
                </bibl>

            </sourceDesc>
        </fileDesc>

        <profileDesc>
            <textClass>
                <keywords n="topic">
                    <term>Rationing-salvage</term>
                </keywords>
            </textClass>
        </profileDesc>

        <revisionDesc>
            <change>
                <date>2007-09-05</date>
                <respStmt>
                    <name>Nic Swiercek</name>
                </respStmt>
                <item>Initial Encoding</item>
            </change>
            <change>
                <date>2007-07</date>
                <respStmt>
                    <name>Leslie Working</name>
                </respStmt>
                <item>Transcription</item>
            </change>
        </revisionDesc>
    </teiHeader>

    <text>
        <body>
            <div1 type="part">

                <figure entity="homefront.news.owh.19420826">
                    <figDesc/>
                </figure>

                <pb n="p1"/>

                <figure>
                    <figDesc>Judges went through fat folders of county reports Tuesday Morning as
                        they picked the winners in the state salvage contest...Left to right, they
                        are E. F Carter, chairman and supreme court justice; Max Junkin, Smithfield
                        farmer, and Mark T. Caster, state salvage committee secretary.</figDesc>
                </figure>

                <milestone unit="smallbar"/>
                <head type="main">'Tribute to Nebraskans'</head>
                <milestone unit="smallbar"/>
                <head type="sub">Scrap Judges Hail 'Energy<lb/>and Patriotism' of People</head>
                <milestone unit="smallbar"/>
                <p rend="right">World-Herald Bureau,</p>
                <p rend="right"><address><addrLine>Lincoln</addrLine></address>, <dateline>
                        <date value="1942-08-25">Aug. 25</date>
                    </dateline>.</p>

                <p>The state salvage contest was a "tribute to the energy and patriotism of Nebraska
                    people," the judges said today after completing their work. Their formal
                    statement, commending The World-Herald for initiating the contest, follows:</p>

                <p>"The people of Nebraska in the statewide contest just concluded have gathered
                    millions of pounds of scrap metal and rubber, more than one hundred pounds of
                    vital war material for every man, woman and child in the state. This is an
                    accomplishment of which Nebraska can be proud. It is a tribute to the energy and
                    patriotism of the people, an example for the whole nation.</p>

                <p>"Upon examination of the reports submitted to the office of Mark T. Caster
                    executive secretary of the state salvage committee, we find that the winners in
                    the contest to be as herewith announced.</p>

                <p>"We wish to compliment all of the winners for their efforts, and likewise every
                    man, woman and child who helped to make Nebraska's splendid record possible.</p>

                <p>"We wish to commend The Omaha World-Herald for its leadership and all agencies
                    and organizations for their whole-hearted co-operation. We have appreciated the
                    personal pleasure of having some part in this worthy activity.</p>

                <p>"(Signed)</p>

                <p>"Judge E. F. Carter, chairman.</p>

                <p>"Dr. Fred C. Wiegman.</p>

                <p>"Max Junkin."</p>
            </div1>

        </body>
    </text>
</TEI>
