<?xml version="1.0" encoding="ISO-8859-1"?>
<?xml-stylesheet href="homefront.xsl" type="text/xsl"?>
<!DOCTYPE TEI PUBLIC "-//UNL Libraries::Etext Center//DTD homefront.dtd (UNL Etext Center)//EN" "homefront.dtd" [
<!NOTATION jpeg SYSTEM "JPEG">
<!ENTITY homefront.news.wst.19440613 SYSTEM "homefront.news.wst.19440613.jpg" NDATA jpeg>
]>

<TEI id="homefront.news.wst.19440613">
<teiHeader>
<fileDesc>
<titleStmt>
<title level="m" type="main">Mexico Will Send 20,000 to Labor For Beet Growers</title>
<author></author>
<principal>R. Douglas Hurt</principal>
<respStmt>
<resp>Project Team</resp>
<name>Katherine Walter</name>
<name>Brian Pytlik Zillig</name>
<name>Laura Weakly</name>
<name>Zach Bajaber</name>
<name>Nic Swiercek</name>
</respStmt>
</titleStmt>
<editionStmt>
<edition>
<date>2007</date>
</edition>
</editionStmt>
<publicationStmt>
<idno>homefront.news.wst.19440613</idno>
<authority>The Home Front in the Great Plains During World War II, 1939&#8211;1945</authority>
<publisher>University of Nebraska&#8211;Lincoln</publisher>
<distributor>
<name>Center for Digital Research in the Humanities</name>
<address>
<addrLine>319 Love Library</addrLine>
<addrLine>University of Nebraska&#8211;Lincoln</addrLine>
<addrLine>Lincoln, NE 68588-4100</addrLine>
<addrLine>cdrh@unlnotes.unl.edu</addrLine>
</address>
</distributor>
<date>2007</date>
<availability>
<p>Copyright &#169; 2007 by University of Nebraska&#8211;Lincoln, all rights reserved. Redistribution or republication in any medium, except as allowed under the Fair Use provisions of U.S. copyright law, requires express written consent from the editors and advance notification of the publisher, the University of Nebraska&#8211;Lincoln.</p>
</availability>
</publicationStmt>
<notesStmt>
<note type="project">

</note>
</notesStmt>

<sourceDesc>

<bibl>
<title level="j">Wyoming State Tribune</title>
<title level="a">Mexico Will Send 20,000 to Labor For Beet Growers</title>
<title level="a" type="sub"></title>
<author></author>
<biblScope type="pages">2</biblScope>
<biblScope type="columns"></biblScope>
<publisher>Wyoming State Tribune</publisher>
<pubPlace>Cheyenne, WY</pubPlace>
<date value="1944-06-13">1944-06-13</date>
</bibl>

</sourceDesc>
</fileDesc>

<profileDesc>
<textClass>
<keywords n="topic">
<term></term>
</keywords>
</textClass>
</profileDesc>

<revisionDesc>
<change>
<date>2007-10-03</date>
<respStmt>
<name>Nic Swiercek</name>
</respStmt>
<item>Initial Encoding</item>
</change>
<change>
<date>2007-09-26</date>
<respStmt>
<name>Nic Swiercek</name>
</respStmt>
<item>Transcription</item>
</change>
</revisionDesc>
</teiHeader>

<text>
<body>
<div1 type="part">

<figure entity="homefront.news.wst.19440613">
<figDesc></figDesc>
</figure>

<pb n="p2"/>
<head type="main">Mexico Will Send<lb/>20,000 to Labor<lb/>For Beet Growers</head>
<milestone unit="smallbar"/>

<p>WASHINGTON&#8211;(AP)&#8211;War Food Administrator Marvin Jones said today cooperation of Mexico in sending in agricultural workers to this county probably would prevent a crisis in sugar beet production.</p>

<p>Mexico agreed to increase to 20,000 the original 14,000 quota of workers to be sent to the United States for agricultural employment during June.</p>

<p>Sugar beet growers in 15 states will employ most of the 20,000, as well as a large percentage of the 40,000 Mexican nationals already available in this country at the start of June, to help with the thinning out of the crop.</p>

<p>The states include Montana, Colorado, Wyoming and North and South Dakota.</p>
</div1>

</body>
</text>
</TEI>