<?xml version="1.0" encoding="ISO-8859-1"?>
<?xml-stylesheet href="homefront.xsl" type="text/xsl"?>
<!DOCTYPE TEI PUBLIC "-//UNL Libraries::Etext Center//DTD homefront.dtd (UNL Etext Center)//EN" "homefront.dtd" [
<!NOTATION jpeg SYSTEM "JPEG">
<!ENTITY homefront.news.wst.19440103 SYSTEM "homefront.news.wst.19440103.jpg" NDATA jpeg>
]>

<TEI id="homefront.news.wst.19440103">
<teiHeader>
<fileDesc>
<titleStmt>
<title level="m" type="main">Here Are Ration Point Changes for January</title>
<author></author>
<principal>R. Douglas Hurt</principal>
<respStmt>
<resp>Project Team</resp>
<name>Katherine Walter</name>
<name>Brian Pytlik Zillig</name>
<name>Laura Weakly</name>
<name>Zach Bajaber</name>
<name>Nic Swiercek</name>
</respStmt>
</titleStmt>
<editionStmt>
<edition>
<date>2007</date>
</edition>
</editionStmt>
<publicationStmt>
<idno>homefront.news.wst.19440103</idno>
<authority>The Home Front in the Great Plains During World War II, 1939&#8211;1945</authority>
<publisher>University of Nebraska&#8211;Lincoln</publisher>
<distributor>
<name>Center for Digital Research in the Humanities</name>
<address>
<addrLine>319 Love Library</addrLine>
<addrLine>University of Nebraska&#8211;Lincoln</addrLine>
<addrLine>Lincoln, NE 68588-4100</addrLine>
<addrLine>cdrh@unlnotes.unl.edu</addrLine>
</address>
</distributor>
<date>2007</date>
<availability>
<p>Copyright &#169; 2007 by University of Nebraska&#8211;Lincoln, all rights reserved. Redistribution or republication in any medium, except as allowed under the Fair Use provisions of U.S. copyright law, requires express written consent from the editors and advance notification of the publisher, the University of Nebraska&#8211;Lincoln.</p>
</availability>
</publicationStmt>
<notesStmt>
<note type="project">

</note>
</notesStmt>

<sourceDesc>

<bibl>
<title level="j">Wyoming State Tribune</title>
<title level="a">Here Are Ration Point Changes for January</title>
<author></author>
<biblScope type="pages">3</biblScope>
<biblScope type="columns">1-5</biblScope>
<publisher>Wyoming State Tribune</publisher>
<pubPlace>Cheyenne, WY</pubPlace>
<date value="1944-01-03">1944-01-03</date>
</bibl>

</sourceDesc>
</fileDesc>

<profileDesc>
<textClass>
<keywords n="topic">
<term>Rationing-general</term>
</keywords>
</textClass>
</profileDesc>

<revisionDesc>
<change>
<date>2007-09-10</date>
<respStmt>
<name>Nic Swiercek</name>
</respStmt>
<item>Initial Encoding</item>
</change>
<change>
<date>2007-07</date>
<respStmt>
<name>Leslie Working</name>
</respStmt>
<item>Transcription</item>
</change>
</revisionDesc>
</teiHeader>

<text>
<body>
<div1 type="part">

<figure entity="homefront.news.wst.19440103">
<figDesc></figDesc>
</figure>

<pb n="p3"/>
<head type="main">HERE ARE RATION POINT CHANGES FOR JANUARY</head>
<milestone unit="smallbar"/>

<p>[Ed note: The main body of this article is a detailed chart which cannot be adequately recreated as text. Please see the page image.]</p>

<p>Quite a few frozen foods, including apples, rhubarb, asparagus, broccoli, Brussels sprouts, cauliflower, snap beans, mixed vegetables, beets, carrots, leafy greens, pumpkin, squash and prepared dry beans go off the ration list entirely in the January point table, above. But frozen spinach, and jams, preserves and marmalades are up. Beef points generally remain the same. Boneless rib, short loin and sirloin beef roasts are now classed as bone-in rib cuts and drop in point values down to 6 and 7, according to size. Most pork cuts are down a point as are ready-to-eat meats, sausage and tongue.</p>
</div1>

</body>
</text>
</TEI>


