<?xml version="1.0" encoding="ISO-8859-1"?>
<?xml-stylesheet href="homefront.xsl" type="text/xsl"?>
<!DOCTYPE TEI PUBLIC "-//UNL Libraries::Etext Center//DTD homefront.dtd (UNL Etext Center)//EN" "homefront.dtd" [
<!NOTATION jpeg SYSTEM "JPEG">
<!ENTITY homefront.news.sj.19410605 SYSTEM "homefront.news.sj.19410605.jpg" NDATA jpeg>
]>

<TEI id="homefront.news.sj.19410605">
<teiHeader>
<fileDesc>
<titleStmt>
<title level="m" type="main">State Guard Here</title>
<author></author>
<principal>R. Douglas Hurt</principal>
<respStmt>
<resp>Project Team</resp>
<name>Katherine Walter</name>
<name>Brian Pytlik Zillig</name>
<name>Laura Weakly</name>
<name>Zach Bajaber</name>
<name>Nic Swiercek</name>
</respStmt>
</titleStmt>
<editionStmt>
<edition>
<date>2008</date>
</edition>
</editionStmt>
<publicationStmt>
<idno>homefront.news.sj.19410605</idno>
<authority>The Home Front in the Great Plains During World War II, 1939&#8211;1945</authority>
<publisher>University of Nebraska&#8211;Lincoln</publisher>
<distributor>
<name>Center for Digital Research in the Humanities</name>
<address>
<addrLine>319 Love Library</addrLine>
<addrLine>University of Nebraska&#8211;Lincoln</addrLine>
<addrLine>Lincoln, NE 68588-4100</addrLine>
<addrLine>cdrh@unlnotes.unl.edu</addrLine>
</address>
</distributor>	
<date>2008</date>
<availability>
<p>Copyright &#169; 2008 by University of Nebraska&#8211;Lincoln, all rights reserved. Redistribution or republication in any medium, except as allowed under the Fair Use provisions of U.S. copyright law, requires express written consent from the editors and advance notification of the publisher, the University of Nebraska&#8211;Lincoln.</p>
</availability>
</publicationStmt>
<notesStmt>
<note type="project">

</note>
</notesStmt>

<sourceDesc>

<bibl>
<title level="j">Salina Journal</title>
<title level="a">State Guard Here</title>
<title level="a" type="sub">State Signals Recruiting Immediately, Verner Smith Temporary Captain</title>
<title level="a" type="sub"></title>
<author></author>
<biblScope type="pages">2</biblScope>
<biblScope type="columns"></biblScope>
<publisher>Salina Journal</publisher>
<pubPlace>Salina, Kansas</pubPlace>
<date value="1941-06-05">1941-06-05</date>
</bibl>

</sourceDesc>
</fileDesc>

<profileDesc>
<textClass>
<keywords n="topic">
<term></term>
</keywords>
</textClass>
</profileDesc>

<revisionDesc>
<change>
<date>2008-10-27</date>
<respStmt>
<name>Nic Swiercek</name>
</respStmt>
<item>Transcription and Initial Encoding</item>
</change>
</revisionDesc>
</teiHeader>

<text>
<body>
<div1 type="part">

<!-- <figure entity="homefront.news.sj.19410605">
<figDesc></figDesc>
</figure> -->

<pb n="p2"/>
<head type="main">STATE GUARD HERE</head>
<milestone unit="smallbar"/>
<head type="sub">State Signals Recruiting <orig reg="Immediately">Imme-</orig><lb/>
diately, Verner Smith <orig reg="Temporary">Tem-</orig><lb/>
porary Captain</head>

<p>Recruiting of men and officers for an infantry company of the state guard here will begin immediately, according to Verner Smith. Smith has been appointed temporary captain and recruiting officer by Adj. Gen. M. R. McLean and expects to form a company of 40 enlisted men and two officers besides himself.</p>

<p>Uniforms and an armory will be furnished by the state and the federal government will supply rifles and ammunition. Members of the guard will be subject to call anywhere in the state, according to Smith and those eligible for the draft will not be deferred because of membership. Age limits are 21 to 50.</p>

<p>Purpose of the state organization is to replace national guard units now in military training, Smith said. Applications for enlistment are being taken at temporary headquarters at 137 South Santa Fe.</p>
</div1>


</body>
</text>
</TEI>