<?xml version="1.0" encoding="ISO-8859-1"?>
<?xml-stylesheet href="homefront.xsl" type="text/xsl"?>
<!DOCTYPE TEI PUBLIC "-//UNL Libraries::Etext Center//DTD homefront.dtd (UNL Etext Center)//EN" "homefront.dtd" [
<!NOTATION jpeg SYSTEM "JPEG">
<!ENTITY homefront.news.sj.19411004 SYSTEM "homefront.news.sj.19411004.jpg" NDATA jpeg>
]>

<TEI id="homefront.news.sj.19411004">
<teiHeader>
<fileDesc>
<titleStmt>
<title level="m" type="main">State Food Goals</title>
<author></author>
<principal>R. Douglas Hurt</principal>
<respStmt>
<resp>Project Team</resp>
<name>Katherine Walter</name>
<name>Brian Pytlik Zillig</name>
<name>Laura Weakly</name>
<name>Zach Bajaber</name>
<name>Nic Swiercek</name>
</respStmt>
</titleStmt>
<editionStmt>
<edition>
<date>2007</date>
</edition>
</editionStmt>
<publicationStmt>
<idno>homefront.news.sj.19411004</idno>
<authority>The Home Front in the Great Plains During World War II, 1939&#8211;1945</authority>
<publisher>University of Nebraska&#8211;Lincoln</publisher>
<distributor>
<name>Center for Digital Research in the Humanities</name>
<address>
<addrLine>319 Love Library</addrLine>
<addrLine>University of Nebraska&#8211;Lincoln</addrLine>
<addrLine>Lincoln, NE 68588-4100</addrLine>
<addrLine>cdrh@unlnotes.unl.edu</addrLine>
</address>
</distributor>
<date>2007</date>
<availability>
<p>Copyright &#169; 2007 by University of Nebraska&#8211;Lincoln, all rights reserved. Redistribution or republication in any medium, except as allowed under the Fair Use provisions of U.S. copyright law, requires express written consent from the editors and advance notification of the publisher, the University of Nebraska&#8211;Lincoln.</p>
</availability>
</publicationStmt>
<notesStmt>
<note type="project">

</note>
</notesStmt>

<sourceDesc>

<bibl>
<title level="j">Salina Journal</title>
<title level="a">State Food Goals</title>
<title level="a" type="sub">Series of District Meetings to Outline Kansas Defense Production Program</title>
<author></author>
<biblScope type="pages">3</biblScope>
<biblScope type="columns"></biblScope>
<publisher>Salina Journal</publisher>
<pubPlace>Salina, KS</pubPlace>
<date value="1941-10-04">1941-10-04</date>
</bibl>

</sourceDesc>
</fileDesc>

<profileDesc>
<textClass>
<keywords n="topic">
<term></term>
</keywords>
</textClass>
</profileDesc>

<revisionDesc>
<change>
<date>2007-10-10</date>
<respStmt>
<name>Nic Swiercek</name>
</respStmt>
<item>Initial Encoding</item>
</change>
<change>
<date>2007-09-25</date>
<respStmt>
<name>Nic Swiercek</name>
</respStmt>
<item>Transcription</item>
</change>
</revisionDesc>
</teiHeader>

<text>
<body>
<div1 type="part">

<figure entity="homefront.news.sj.19411004">
<figDesc></figDesc>
</figure>

<pb n="p3"/>
<head type="main">STATE FOOD GOALS</head>
<milestone unit="smallbar"/>
<head type="sub">Series of District Meetings To <orig reg="Outline">Out-</orig><lb/>line Kansas Defense <orig reg="Production">Pro-</orig><lb/>duction Program</head>

<p>MANHATTAN, Oct. 4 (AP)&#8211;The Kansas "Food for Defense" program, which has for its goal increased production in 1942, will be outlined at a series of district meetings the next two weeks. District meetings, announced at conclusion of the state conference, will be at Colby October 7, Garden City October 8, Wichita October 9, Beloit October 10, Topeka October 13, and Iola October 14. County representatives who in turn are to explain the program to farmers in their counties will attend the district meetings.</p>

<p>Production goals established for next year, with the percent of increase over <sic corr="1941">1914</sic>, include:</p>

<p>Milk, 4 percent increase; milk cows, 820,000, 5 percent increase, cattle and calves, 18 percent; hogs 10 percent; sheep and lambs 11 percent; eggs 15 percent; grain sorghum and corn ,702,525 acres or 4 percent increase; oats 1,733,000 acres or same as 1941; barely 1,600,000 acres or six percent increase; all hay 1,714,000 acres, same as 1941; rye for grain 60,000 acres, 81 percent of 1941; soy beans 27,000 acres, 12 percent increase; flax 146,000 acres, same as 1941; Irish potatoes 29,000 acres or 7 percent increase.</p>
</div1>

</body>
</text>
</TEI>