<?xml version="1.0" encoding="ISO-8859-1"?>
<?xml-stylesheet href="homefront.xsl" type="text/xsl"?>
<!DOCTYPE TEI PUBLIC "-//UNL Libraries::Etext Center//DTD homefront.dtd (UNL Etext Center)//EN" "homefront.dtd" [
<!NOTATION jpeg SYSTEM "JPEG">
<!ENTITY homefront.news.owh.19420426 SYSTEM "homefront.news.owh.19420426.jpg" NDATA jpeg>
]>

<TEI id="homefront.news.owh.19420426">
<teiHeader>
<fileDesc>
<titleStmt>
<title level="m" type="main">City Lads Learn Farm Work to Help Meet Rural Labor Shortage</title>
<author></author>
<principal>R. Douglas Hurt</principal>
<respStmt>
<resp>Project Team</resp>
<name>Katherine Walter</name>
<name>Brian Pytlik Zillig</name>
<name>Laura Weakly</name>
<name>Zach Bajaber</name>
<name>Nic Swiercek</name>
</respStmt>
</titleStmt>
<editionStmt>
<edition>
<date>2007</date>
</edition>
</editionStmt>
<publicationStmt>
<idno>homefront.news.owh.19420426</idno>
<authority>The Home Front in the Great Plains During World War II, 1939&#8211;1945</authority>
<publisher>University of Nebraska&#8211;Lincoln</publisher>
<distributor>
<name>Center for Digital Research in the Humanities</name>
<address>
<addrLine>319 Love Library</addrLine>
<addrLine>University of Nebraska&#8211;Lincoln</addrLine>
<addrLine>Lincoln, NE 68588-4100</addrLine>
<addrLine>cdrh@unlnotes.unl.edu</addrLine>
</address>
</distributor>
<date>2007</date>
<availability>
<p>Copyright &#169; 2007 by University of Nebraska&#8211;Lincoln, all rights reserved. Redistribution or republication in any medium, except as allowed under the Fair Use provisions of U.S. copyright law, requires express written consent from the editors and advance notification of the publisher, the University of Nebraska&#8211;Lincoln.</p>
</availability>
</publicationStmt>
<notesStmt>
<note type="project">

</note>
</notesStmt>

<sourceDesc>

<bibl>
<title level="j">Omaha World-Herald</title>
<title level="a">City Lads Learn Farm Work to Help Meet Rural Labor Shortage</title>
<title level="a" type="sub"></title>
<author></author>
<biblScope type="pages">8-A</biblScope>
<biblScope type="columns">3-6</biblScope>
<publisher>Omaha World-Herald</publisher>
<pubPlace>Omaha, NE</pubPlace>
<date value="1942-04-26">1942-04-26</date>
</bibl>

</sourceDesc>
</fileDesc>

<profileDesc>
<textClass>
<keywords n="topic">
<term></term>
</keywords>
</textClass>
</profileDesc>

<revisionDesc>
<change>
<date>2007-10-03</date>
<respStmt>
<name>Nic Swiercek</name>
</respStmt>
<item>Initial Encoding</item>
</change>
<change>
<date>2007-09-24</date>
<respStmt>
<name>Nic Swiercek</name>
</respStmt>
<item>Transcription</item>
</change>
</revisionDesc>
</teiHeader>

<text>
<body>
<div1 type="part">

<figure entity="homefront.news.owh.19420426">
<figDesc></figDesc>
</figure>

<pb n="p8"/>
<head type="main">City Lads Learn Farm Work to Help Meet Rural Labor Shortage</head>

<p>Wayland Magee, member of the Omaha Chamber of Commerce agricultural committee which is seeking to school city high school lads for farm work in an effort to help meet the rural labor shortage, Saturday took advantage of the plan by hiring five boys for his farm near Bennington. Because of the rain the lads were put to work inside butting up three hundred pounds of seed potatoes. Ernest Reeves, 16, of 5546 North Thirty-fifth street, is shown at the task (upper left). When the outside dried a little, the helpers went out and picked up fallen ears off a 50-acre cornfield. Shown at this job (upper right), are left to right&#8211;Charles Mollak, 15, of 4235 Laurel avenue; Douglas Nielsen, 15, of 3652 Ames avenue, and Charles Stone, 16, of 4363 Laurel avenue. Between times they busied themselves at other tasks. Reeves is shown (lower left) learning the intricacies of feeding a hog from Kim Magee, 14. At lower right is Dave Nielsen, 18, of 3652 Ames avenue, putting the plow wheels on a tractor. Magee found the youths willing workers. The lads found the experience a profitable and novel one.&#8211;World-Herald Photos.</p>
</div1>

</body>
</text>
</TEI>