<?xml version="1.0" encoding="ISO-8859-1"?>
<?xml-stylesheet href="homefront.xsl" type="text/xsl"?>
<!DOCTYPE TEI PUBLIC "-//UNL Libraries::Etext Center//DTD homefront.dtd (UNL Etext Center)//EN" "homefront.dtd" [
<!NOTATION jpeg SYSTEM "JPEG">
<!ENTITY homefront.news.sj.19420606 SYSTEM "homefront.news.sj.19420606.jpg" NDATA jpeg>
]>

<TEI id="homefront.news.sj.19420606">
<teiHeader>
<fileDesc>
<titleStmt>
<title level="m" type="main">Thousands of Acres of Saline County Becomes a Defense Area</title>
<author></author>
<principal>R. Douglas Hurt</principal>
<respStmt>
<resp>Project Team</resp>
<name>Katherine Walter</name>
<name>Brian Pytlik Zillig</name>
<name>Laura Weakly</name>
<name>Zach Bajaber</name>
<name>Nic Swiercek</name>
</respStmt>
</titleStmt>
<editionStmt>
<edition>
<date>2008</date>
</edition>
</editionStmt>
<publicationStmt>
<idno>homefront.news.sj.19420606</idno>
<authority>The Home Front in the Great Plains During World War II, 1939&#8211;1945</authority>
<publisher>University of Nebraska&#8211;Lincoln</publisher>
<distributor>
<name>Center for Digital Research in the Humanities</name>
<address>
<addrLine>319 Love Library</addrLine>
<addrLine>University of Nebraska&#8211;Lincoln</addrLine>
<addrLine>Lincoln, NE 68588-4100</addrLine>
<addrLine>cdrh@unlnotes.unl.edu</addrLine>
</address>
</distributor>	
<date>2008</date>
<availability>
<p>Copyright &#169; 2008 by University of Nebraska&#8211;Lincoln, all rights reserved. Redistribution or republication in any medium, except as allowed under the Fair Use provisions of U.S. copyright law, requires express written consent from the editors and advance notification of the publisher, the University of Nebraska&#8211;Lincoln.</p>
</availability>
</publicationStmt>
<notesStmt>
<note type="project">

</note>
</notesStmt>

<sourceDesc>

<bibl>
<title level="j">Salina Journal</title>
<title level="a">Thousands of Acres of Saline County Becomes a Defense Area</title>
<title level="a" type="sub"></title>
<title level="a" type="sub"></title>
<author></author>
<biblScope type="pages">3</biblScope>
<biblScope type="columns"><!-- need to fill-in --></biblScope>
<publisher>Salina Journal</publisher>
<pubPlace>Salina, Kansas</pubPlace>
<date value="1942-06-06">1942-06-06</date>
</bibl>

</sourceDesc>
</fileDesc>

<profileDesc>
<textClass>
<keywords n="topic">
<term></term>
</keywords>
</textClass>
</profileDesc>

<revisionDesc>
<change>
<date>2008-10-22</date>
<respStmt>
<name>Nic Swiercek</name>
</respStmt>
<item>Transcription and Initial Encoding</item>
</change>
</revisionDesc>
</teiHeader>

<text>
<body>
<div1 type="part">

<!-- <figure entity="homefront.news.sj.19420606">
<figDesc></figDesc>
</figure> -->

<pb n="p3"/>
<head type="main"><hi rend="italic">Thousands of Acres of Saline County Becomes a Defense Area</hi></head>

<p>This map accurately shows the outlines of both the new army air base, now under construction two miles southwest of Salina and the new army cantonment in southwest Saline county. The arrow in lower left hand corner shows the direction and distance to the big Smoky Hill dam. Condemnation proceedings on the entire 41,704 acre cantonment area were filed in federal court at Topeka Friday by Paul L. Aylward, special U. S. district attorney, but so far the court has issued orders giving the government possession only of the housing area just northwest of Smolan. The map was drawn according to legal descriptions shown on the actual court petition filed in Topeka and is therefore know whether the boundaries of the reservation will include their farms. Because of this, and because the national press censor has ruled that court proceedings are privileged for publication, this map is being made public.</p>
</div1>


</body>
</text>
</TEI>