<?xml version="1.0" encoding="ISO-8859-1"?>
<?xml-stylesheet href="homefront.xsl" type="text/xsl"?>
<!DOCTYPE TEI PUBLIC "-//UNL Libraries::Etext Center//DTD homefront.dtd (UNL Etext Center)//EN" "homefront.dtd" []>

<TEI id="homefront.rec.0011">
<teiHeader>
<fileDesc>
<titleStmt>
<title level="m" type="main">Congressional Record-House (April 27, 1939)</title>
<title level="m" type="sub"></title>
<author></author>
<principal>R. Douglas Hurt</principal>
<respStmt>
<resp>Project Team</resp>
<name>Katherine Walter</name>
<name>Brian Pytlik Zillig</name>
<name>Laura Weakly</name>
<name>Zach Bajaber</name>
<name>Nic Swiercek</name>
</respStmt>
</titleStmt>
<editionStmt>
<edition>
<date>2007</date>
</edition>
</editionStmt>
<publicationStmt>
<idno>homefront.rec.0011</idno>
<authority>The Home Front in the Great Plains During World War II, 1939&#8211;1945</authority>
<publisher>University of Nebraska&#8211;Lincoln</publisher>
<distributor>
<name>Center for Digital Research in the Humanities</name>
<address>
<addrLine>319 Love Library</addrLine>
<addrLine>University of Nebraska&#8211;Lincoln</addrLine>
<addrLine>Lincoln, NE 68588-4100</addrLine>
<addrLine>cdrh@unlnotes.unl.edu</addrLine>
</address>
</distributor>
<date>2007</date>
<availability>
<p>Copyright &#169; 2007 by University of Nebraska&#8211;Lincoln, all rights reserved. Redistribution or republication in any medium, except as allowed under the Fair Use provisions of U.S. copyright law, requires express written consent from the editors and advance notification of the publisher, the University of Nebraska&#8211;Lincoln.</p>
</availability>
</publicationStmt>
<notesStmt>
<note type="project">

</note>
</notesStmt>
<sourceDesc>
<bibl>
<title level="m">Congressional Record-House</title>
<author></author>
<publisher></publisher>
<pubPlace></pubPlace>

<biblScope type="pages">4865</biblScope>
</bibl>
</sourceDesc>
</fileDesc>

<revisionDesc>
<change>
<date>2007-01-16</date>
<respStmt>
<name>Laura Weakly</name>
</respStmt>
<item>Validation</item>
</change>
<change>
<date>2007-01-08</date>
<respStmt>
<name>Paul Fajman</name>
</respStmt>
<item>Initial encoding</item>
</change>
<change>
<date>2006-11-15</date>
<respStmt>
<name>Nicholas Swiercek</name>
</respStmt>
<item>Transcription</item>
</change>
</revisionDesc>
</teiHeader>
<text>
<body>
<div1>


<p>Mr. CASE of South Dakota. Mr. Speaker, under date of April 19, 1939, I received the following letter;</p>

<div2>
<opener>THE AMERICAN LEGION,<lb />
DEPARTMENT OF SOUTH DAKOTA,<lb />
<dateline><date>April 19, 1939</date>.</dateline>
<salute>Hon. FRANCIS CASE,</salute>
House of Representatives, Washington, D.C.</opener>
	<p>DEAR FRANCIS: We are giving you below a copy of a resolution passed at the spring conference of the American Legion, which was held at Pierre, S. Dak., April 16, 1939.</p>
<p rend="center">Resolution</p>
	<p>"Resolved, That it is the sense of this assembled conference of the American Legion, Department of South Dakota, that as to the European situation, the foreign policy of these United States be: To mind its own business, become involved in no entangling alliances, and let Europe settle its own problems without our interference or intervention."</p>
	<closer>Very sincerely,<lb />
<signed>J.D. MULLANEY,</signed><lb />
Department Adjutant.</closer>
</div2>
</div1>
</body>
</text>
</TEI>
