<?xml version="1.0" encoding="ISO-8859-1"?>
<?xml-stylesheet href="homefront.xsl" type="text/xsl"?>
<!DOCTYPE TEI PUBLIC "-//UNL Libraries::Etext Center//DTD homefront.dtd (UNL Etext Center)//EN" "homefront.dtd" []>

<TEI id="homefront.nar.archives">
    <teiHeader>
        <fileDesc>
            <titleStmt>
                <title level="m" type="main">Archive</title>
                <title level="m" type="sub"/>
                <author>R. Douglas Hurt</author>
                <principal>R. Douglas Hurt</principal>
                <respStmt>
                    <resp>Project Team</resp>
                    <name>Katherine Walter</name>
                    <name>Brian Pytlik Zillig</name>
                    <name>Laura Weakly</name>
                    <name>Zach Bajaber</name>
                    <name>Nic Swiercek</name>
                </respStmt>
            </titleStmt>
            <editionStmt>
                <edition>
                    <date>2007</date>
                </edition>
            </editionStmt>
            <publicationStmt>
                <idno>homefront.nar.archives</idno>
                <authority>The Home Front in the Great Plains During World War II,
                    1939&#8211;1945</authority>
                <publisher>University of Nebraska&#8211;Lincoln</publisher>
                <distributor>
                    <name>Center for Digital Research in the Humanities</name>
                    <address>
<addrLine>319 Love Library</addrLine>
<addrLine>University of Nebraska&#8211;Lincoln</addrLine>
<addrLine>Lincoln, NE 68588-4100</addrLine>
<addrLine>cdrh@unlnotes.unl.edu</addrLine>
</address>
                </distributor>
                <date>2007</date>
                <availability>
                    <p>Copyright &#169; 2007 by University of Nebraska&#8211;Lincoln, all
                        rights reserved. Redistribution or republication in any medium, except as
                        allowed under the Fair Use provisions of U.S. copyright law, requires
                        express written consent from the editors and advance notification of the
                        publisher, the University of Nebraska&#8211;Lincoln.</p>
                </availability>
            </publicationStmt>
            <notesStmt>
                <note type="project"> </note>
            </notesStmt>
            <sourceDesc>
                <p>Original.</p>
            </sourceDesc>
        </fileDesc>

        <revisionDesc>
            <change>
                <date>2007-08-29</date>
                <respStmt>
                    <name>Nicholas Swiercek</name>
                </respStmt>
                <item>Initial Encoding</item>
            </change>
        </revisionDesc>
    </teiHeader>
    <text>
        <body>

            <div1>

                <head>Archive</head>
                <p>This digital collection of sources provides an extensive archive for government documents, congressional biographies, newspaper articles, and images relating to the Great Plains during World War II.  The researcher can use the links to study these documents and read the words of contemporaries who experienced wartime opportunities and problems and, by so doing, learn about the daily concerns of the men and women who lived in the region during the war years.</p>

                <p>
                    <ref n="govdocs.html?section=archive">Government Documents</ref>
                </p>
                <p>
                    <ref n="congressmen.html?section=archive">Congressmen</ref>
                </p>
                <p>
                    <ref n="newspapers.html?section=archive">Newspapers</ref>
                </p>
                <p>
                    <ref n="imagelist.html?section=archive">Images</ref>
                </p>

                <p>
                    <ref n="additionalreadings.html?section=archive">Additional Readings</ref>
                </p>


                <p>
                    <ref n="suggestedreadings.html">Suggested Readings</ref>
                </p>


                <lb/>
                <lb/>
                <lb/>
                <lb/>
                <lb/>
                <lb/>
                <lb/>
                <lb/>
                <lb/>
                <lb/>
                <lb/>
                <lb/>


            </div1>
        </body>
    </text>
</TEI>
