<?xml version="1.0" encoding="ISO-8859-1"?>
<?xml-stylesheet href="homefront.xsl" type="text/xsl"?>
<!DOCTYPE TEI PUBLIC "-//UNL Libraries::Etext Center//DTD homefront.dtd (UNL Etext Center)//EN" "homefront.dtd" [
<!NOTATION jpeg SYSTEM "JPEG">
<!ENTITY homefront.news.dp.19430222b SYSTEM "homefront.news.dp.19430222b.jpg" NDATA jpeg>
]>

<TEI id="homefront.news.dp.19430222b">
<teiHeader>
<fileDesc>
<titleStmt>
<title level="m" type="main">Official Table of Point Values for Processed Foods</title>
<author></author>
<principal>R. Douglas Hurt</principal>
<respStmt>
<resp>Project Team</resp>
<name>Katherine Walter</name>
<name>Brian Pytlik Zillig</name>
<name>Laura Weakly</name>
<name>Zach Bajaber</name>
<name>Nic Swiercek</name>
</respStmt>
</titleStmt>
<editionStmt>
<edition>
<date>2007</date>
</edition>
</editionStmt>
<publicationStmt>
<idno>homefront.news.dp.19430222b</idno>
<authority>The Home Front in the Great Plains During World War II, 1939&#8211;1945</authority>
<publisher>University of Nebraska&#8211;Lincoln</publisher>
<distributor>
<name>Center for Digital Research in the Humanities</name>
<address>
<addrLine>319 Love Library</addrLine>
<addrLine>University of Nebraska&#8211;Lincoln</addrLine>
<addrLine>Lincoln, NE 68588-4100</addrLine>
<addrLine>cdrh@unlnotes.unl.edu</addrLine>
</address>
</distributor>
<date>2007</date>
<availability>
<p>Copyright &#169; 2007 by University of Nebraska&#8211;Lincoln, all rights reserved. Redistribution or republication in any medium, except as allowed under the Fair Use provisions of U.S. copyright law, requires express written consent from the editors and advance notification of the publisher, the University of Nebraska&#8211;Lincoln.</p>
</availability>
</publicationStmt>
<notesStmt>
<note type="project">

</note>
</notesStmt>

<sourceDesc>

<bibl>
<title level="j">Denver Post</title>
<title level="a">Official Table of Point Values for Processed Foods</title>
<title level="a" type="sub"></title>
<author></author>
<biblScope type="pages">3</biblScope>
<biblScope type="columns">2-6</biblScope>
<publisher>Denver Post</publisher>
<pubPlace>Denver, CO</pubPlace>
<date value="1943-02-22">1943-02-22</date>
</bibl>

</sourceDesc>
</fileDesc>

<profileDesc>
<textClass>
<keywords n="topic">
<term>Rationing-General</term>
</keywords>
</textClass>
</profileDesc>

<revisionDesc>
<change>
<date>2007-09-04</date>
<respStmt>
<name>Nic Swiercek</name>
</respStmt>
<item>Initial Encoding</item>
</change>
<change>
<date>2007-07</date>
<respStmt>
<name>Leslie Working</name>
</respStmt>
<item>Transcription</item>
</change>
</revisionDesc>
</teiHeader>

<text>
<body>
<div1 type="part">

<figure entity="homefront.news.dp.19430222b">
<figDesc></figDesc>
</figure>

<pb n="p3"/>
<head type="main">OFFICIAL TABLE OF PONT VALUES FOR PROCESSED FOODS</head>

<head type="sub">No. 1&#8211;Effective March 1, 1943</head>

<head rend="italics" type="sub">Pursuant to Ration Order Number 13</head>

<p>[Ed. Note: Please see page image for the Table of Point Values.]</p>

<p>Beginning March 1, every retail grocer must exhibit this chart of point values in his store. The OPA in Denver is printing 10,000 large copies of this chart for grocers, but that supply is not expected to take care of all grocers in this area. Therefore, Mr. Grocer, you should clip this chart from THE POST and be prepared to use it in your store in the event the OPA does not furnish you with a chart by March 1.</p>
</div1>

</body>
</text>
</TEI>

