<?xml version="1.0" encoding="ISO-8859-1"?>
<?xml-stylesheet href="homefront.xsl" type="text/xsl"?>
<!DOCTYPE TEI PUBLIC "-//UNL Libraries::Etext Center//DTD homefront.dtd (UNL Etext Center)//EN" "homefront.dtd" [
<!NOTATION jpeg SYSTEM "JPEG">
<!ENTITY homefront.news.owh.19420730 SYSTEM "homefront.news.owh.19420730.jpg" NDATA jpeg>
]>

<TEI id="homefront.news.owh.19420730">
<teiHeader>
<fileDesc>
<titleStmt>
<title level="m" type="main">Women Learn About Autos</title>
<author></author>
<principal>R. Douglas Hurt</principal>
<respStmt>
<resp>Project Team</resp>
<name>Katherine Walter</name>
<name>Brian Pytlik Zillig</name>
<name>Laura Weakly</name>
<name>Zach Bajaber</name>
<name>Nic Swiercek</name>
</respStmt>
</titleStmt>
<editionStmt>
<edition>
<date>2007</date>
</edition>
</editionStmt>
<publicationStmt>
<idno>homefront.news.owh.19420730</idno>
<authority>The Home Front in the Great Plains During World War II, 1939&#8211;1945</authority>
<publisher>University of Nebraska&#8211;Lincoln</publisher>
<distributor>
<name>Center for Digital Research in the Humanities</name>
<address>
<addrLine>319 Love Library</addrLine>
<addrLine>University of Nebraska&#8211;Lincoln</addrLine>
<addrLine>Lincoln, NE 68588-4100</addrLine>
<addrLine>cdrh@unlnotes.unl.edu</addrLine>
</address>
</distributor>
<date>2007</date>
<availability>
<p>Copyright &#169; 2007 by University of Nebraska&#8211;Lincoln, all rights reserved. Redistribution or republication in any medium, except as allowed under the Fair Use provisions of U.S. copyright law, requires express written consent from the editors and advance notification of the publisher, the University of Nebraska&#8211;Lincoln.</p>
</availability>
</publicationStmt>
<notesStmt>
<note type="project">

</note>
</notesStmt>

<sourceDesc>

<bibl>
<title level="j">Omaha World-Herald</title>
<title level="a">Women Learn About Autos</title>
<title level="a" type="sub">Red Cross Motor Girls Can Fix Cars</title>
<author></author>
<biblScope type="pages">50-A</biblScope>
<biblScope type="columns">5</biblScope>
<publisher>Omaha World-Herald</publisher>
<pubPlace>Omaha, NE</pubPlace>
<date value="1942-07-30">1942-07-30</date>
</bibl>

</sourceDesc>
</fileDesc>

<profileDesc>
<textClass>
<keywords n="topic">
<term>Women/male work</term>
</keywords>
</textClass>
</profileDesc>

<revisionDesc>
<change>
<date>2007-09-05</date>
<respStmt>
<name>Nic Swiercek</name>
</respStmt>
<item>Initial Encoding</item>
</change>
<change>
<date>2007-07</date>
<respStmt>
<name>Leslie Working</name>
</respStmt>
<item>Transcription</item>
</change>
</revisionDesc>
</teiHeader>

<text>
<body>
<div1 type="part">

<figure entity="homefront.news.owh.19420730">
<figDesc></figDesc>
</figure>

<pb n="p50"/>
<head type="main">Women Learn<lb/>About Autos</head>
<milestone unit="smallbar"/>
<head type="sub">Red Cross Motor Girls<lb/>Can Fix Cars</head>
<milestone unit="smallbar"/>

<p>If you're looking for women who are afraid to get their hands dirty, you won't find them in the Red Cross motor corps.</p>

<p>More than 70 Omaha women have completed the mechanics' course required of motor corps members, a class of 22 is in training and more are being organized. The course is designed to train corps members in simple repairs and adjustments n their automobiles, and to enable them to diagnose trouble when away from assistance.</p>

<p>Thirty-one trained women gave more than 2,239 hours of service in this corps here from March to June, inclusive. In, addition to the l6-hour course in mechanics, members must complete standard and advanced first aid courses.</p>

<p>Part of the mechanics' course is lecture&#8211;but a good share of it is changing tires, putting on chains, cleaning park plugs, remedying vapor lock, cleaning clogged gas lines and diagnosing ignition trouble.</p>

<p>All corps members are trained in ambulance driving and are qualified to transport victims in case of accident, sabotage or enemy attack.</p>
</div1>

</body>
</text>
</TEI>

