<?xml version="1.0" encoding="ISO-8859-1"?>
<?xml-stylesheet href="homefront.xsl" type="text/xsl"?>
<!DOCTYPE TEI PUBLIC "-//UNL Libraries::Etext Center//DTD homefront.dtd (UNL Etext Center)//EN" "homefront.dtd" [
<!NOTATION jpeg SYSTEM "JPEG">
<!ENTITY homefront.news.owh.19410725 SYSTEM "homefront.news.owh.19410725.jpg" NDATA jpeg>
]>

<TEI id="homefront.news.owh.19410725">
<teiHeader>
<fileDesc>
<titleStmt>
<title level="m" type="main">10 Tons of Pots 'n' Pans for Uncle Sam</title>
<author></author>
<principal>R. Douglas Hurt</principal>
<respStmt>
<resp>Project Team</resp>
<name>Katherine Walter</name>
<name>Brian Pytlik Zillig</name>
<name>Laura Weakly</name>
<name>Zach Bajaber</name>
<name>Nic Swiercek</name>
</respStmt>
</titleStmt>
<editionStmt>
<edition>
<date>2007</date>
</edition>
</editionStmt>
<publicationStmt>
<idno>homefront.news.owh.19410725</idno>
<authority>The Home Front in the Great Plains During World War II, 1939&#8211;1945</authority>
<publisher>University of Nebraska&#8211;Lincoln</publisher>
<distributor>
<name>Center for Digital Research in the Humanities</name>
<address>
<addrLine>319 Love Library</addrLine>
<addrLine>University of Nebraska&#8211;Lincoln</addrLine>
<addrLine>Lincoln, NE 68588-4100</addrLine>
<addrLine>cdrh@unlnotes.unl.edu</addrLine>
</address>
</distributor>
<date>2007</date>
<availability>
<p>Copyright &#169; 2007 by University of Nebraska&#8211;Lincoln, all rights reserved. Redistribution or republication in any medium, except as allowed under the Fair Use provisions of U.S. copyright law, requires express written consent from the editors and advance notification of the publisher, the University of Nebraska&#8211;Lincoln.</p>
</availability>
</publicationStmt>
<notesStmt>
<note type="project">

</note>
</notesStmt>

<sourceDesc>

<bibl>
<title level="j">Omaha World-Herald</title>
<title level="a">10 Tons of Pots 'n' Pans for Uncle Sam</title>
<title level="a" type="sub"></title>
<author></author>
<biblScope type="pages">15-A</biblScope>
<biblScope type="columns">2-3</biblScope>
<publisher>Omaha World-Herald</publisher>
<pubPlace>Omaha, NE</pubPlace>
<date value="1941-07-25">1941-07-25</date>
</bibl>

</sourceDesc>
</fileDesc>

<profileDesc>
<textClass>
<keywords n="topic">
<term>Rationing-salvage</term>
</keywords>
</textClass>
</profileDesc>

<revisionDesc>
<change>
<date>2007-09-05</date>
<respStmt>
<name>Nic Swiercek</name>
</respStmt>
<item>Initial Encoding</item>
</change>
<change>
<date>2007-07</date>
<respStmt>
<name>Leslie Working</name>
</respStmt>
<item>Transcription</item>
</change>
</revisionDesc>
</teiHeader>

<text>
<body>
<div1 type="part">

<figure entity="homefront.news.owh.19410725">
<figDesc></figDesc>
</figure>

<pb n="p15"/>

<head type="main">10 Tons of Pots 'n' Pans for Uncle Sam</head>

<p>Shown in these two pictures are some of the pots and pans that contributed to Omaha's gift Thursday of 20 thousand pounds, or 10 tons, of old aluminum to meet the United States' defense needs. In picture above, Charles Knapp, who operates a filling station at Thirty-ninth and Farnam streets, though that Boy Scouts in Troop 100 who collected aluminum in his neighborhood deserved some reward for their work so he opened his ice box and passed out soft drinks to them. Here the boys, pop in hand, stand behind the pile of aluminum they collected. Below, Officer John Wilhelm examines part of the aluminum heap at Tenth and Seward streets warehouse where the 10 tons of pots and pans were deposited last night.&#8211;World-Herald Photos.</p>

</div1>

</body>
</text>
</TEI>

