<?xml version="1.0" encoding="ISO-8859-1"?>
<?xml-stylesheet href="homefront.xsl" type="text/xsl"?>
<!DOCTYPE TEI PUBLIC "-//UNL Libraries::Etext Center//DTD homefront.dtd (UNL Etext Center)//EN" "homefront.dtd" [
<!NOTATION jpeg SYSTEM "JPEG">
<!ENTITY homefront.news.wye.19420917 SYSTEM "homefront.news.wye.19420917.jpg" NDATA jpeg>
]>

<TEI id="homefront.news.wye.19420917">
<teiHeader>
<fileDesc>
<titleStmt>
<title level="m" type="main">Wickard Orders Rationing for Farm Machines</title>
<author></author>
<principal>R. Douglas Hurt</principal>
<respStmt>
<resp>Project Team</resp>
<name>Katherine Walter</name>
<name>Brian Pytlik Zillig</name>
<name>Laura Weakly</name>
<name>Zach Bajaber</name>
<name>Nic Swiercek</name>
</respStmt>
</titleStmt>
<editionStmt>
<edition>
<date>2007</date>
</edition>
</editionStmt>
<publicationStmt>
<idno>homefront.news.wye.194200917</idno>
<authority>The Home Front in the Great Plains During World War II, 1939&#8211;1945</authority>
<publisher>University of Nebraska&#8211;Lincoln</publisher>
<distributor>
<name>Center for Digital Research in the Humanities</name>
<address>
<addrLine>319 Love Library</addrLine>
<addrLine>University of Nebraska&#8211;Lincoln</addrLine>
<addrLine>Lincoln, NE 68588-4100</addrLine>
<addrLine>cdrh@unlnotes.unl.edu</addrLine>
</address>
</distributor>
<date>2007</date>
<availability>
<p>Copyright &#169; 2007 by University of Nebraska&#8211;Lincoln, all rights reserved. Redistribution or republication in any medium, except as allowed under the Fair Use provisions of U.S. copyright law, requires express written consent from the editors and advance notification of the publisher, the University of Nebraska&#8211;Lincoln.</p>
</availability>
</publicationStmt>
<notesStmt>
<note type="project">

</note>
</notesStmt>

<sourceDesc>

<bibl>
<title level="j">Wyoming Eagle</title>
<title level="a">Wickard Orders Rationing for Farm Machines</title>
<title level="a" type="sub"></title>
<author></author>
<biblScope type="pages">1</biblScope>
<biblScope type="columns">5</biblScope>
<publisher>Wyoming Eagle</publisher>
<pubPlace>Cheyenne, WY</pubPlace>
<date value="1942-09-17">1942-09-17</date>
</bibl>

</sourceDesc>
</fileDesc>

<profileDesc>
<textClass>
<keywords n="topic">
<term></term>
</keywords>
</textClass>
</profileDesc>

<revisionDesc>
<change>
<date>2007-10-03</date>
<respStmt>
<name>Nic Swiercek</name>
</respStmt>
<item>Initial Encoding</item>
</change>
<change>
<date>2007-09-26</date>
<respStmt>
<name>Nic Swiercek</name>
</respStmt>
<item>Transcription</item>
</change>
</revisionDesc>
</teiHeader>

<text>
<body>
<div1 type="part">

<figure entity="homefront.news.wye.19420917">
<figDesc></figDesc>
</figure>

<pb n="p1"/>
<head type="main">WICKARD ORDERS<lb/>RATIONING FOR<lb/>FARM MACHINES</head>
<milestone unit="smallbar"/>

<p>Washington, Sept. 16.&#8211;(U.P.)&#8211;Secretary of Agriculture Claude R. Wickard has issued a temporary order rationing all farm machinery. However, the plan does not over repair parts, automobiles, trucks, track-laying tractors or any equipment ordered by government agencies.</p>

<p>The regulations provide for the establishment of county rationing committees to administer the program. Farm machinery is classified into three groups. Those vitally essential to current needs may not be bought without a certificate from the committee. Other times are in the second group, and may be purchased by the mere certification of the farmer to his dealer that they are essential to his current production. Only hand tools and smaller horse-drawn equipment may be sold without restriction of any kind.</p>

<p>Wickard announced that the rationing plan will be administered by Fred S. Wallace, head of the AAA. Later, a permanent plan for distribution of farm machinery will be worked out. Shortage of this equipment is caused by conversion of the larger plants to war production. It is expected in Washington that the entire output of such supplies will soon come from only a few small plants.</p>
</div1>

</body>
</text>
</TEI>