<?xml version="1.0" encoding="ISO-8859-1"?>
<?xml-stylesheet href="homefront.xsl" type="text/xsl"?>
<!DOCTYPE TEI PUBLIC "-//UNL Libraries::Etext Center//DTD homefront.dtd (UNL Etext Center)//EN" "homefront.dtd" [

]>

<TEI id="homefront.about">
<teiHeader>
<fileDesc>
<titleStmt>
<title level="m" type="main">About The Home Front in the Great Plains During World War II, 1939&#8211;1945</title>
<title level="m" type="sub"></title>
<author></author>
<principal>R. Douglas Hurt</principal>
<respStmt>
<resp>Project Team</resp>
<name>Katherine Walter</name>
<name>Brian Pytlik Zillig</name>
<name>Laura Weakly</name>
<name>Zach Bajaber</name>
<name>Nic Swiercek</name>
</respStmt>
</titleStmt>
<editionStmt>
<edition>
<date>2009</date>
</edition>
</editionStmt>
<publicationStmt>
<idno>homefront.about</idno>
<authority>The Home Front in the Great Plains During World War II, 1939&#8211;1945</authority>
<publisher>University of Nebraska&#8211;Lincoln</publisher>
<distributor>
<name>Center for Digital Research in the Humanities</name>
<address>
<addrLine>319 Love Library</addrLine>
<addrLine>University of Nebraska&#8211;Lincoln</addrLine>
<addrLine>Lincoln, NE 68588-4100</addrLine>
<addrLine>cdrh@unlnotes.unl.edu</addrLine>
</address>
</distributor>
<date>2009</date>
<availability>
<p>Copyright &#169; 2009 by University of Nebraska&#8211;Lincoln, all rights reserved. Redistribution or republication in any medium, except as allowed under the Fair Use provisions of U.S. copyright law, requires express written consent from the editors and advance notification of the publisher, the University of Nebraska&#8211;Lincoln.</p>
</availability>
</publicationStmt>
<notesStmt>
<note type="project">

</note>
</notesStmt>
<sourceDesc>
<p>Original.</p>
</sourceDesc>
</fileDesc>

<revisionDesc>
<change>
<date>2009</date>
<respStmt>
<name>Laura Weakly</name>
</respStmt>
<item>Initial encoding</item>
</change>
</revisionDesc>
</teiHeader>
<text>
<body>

<head type="main">About the project</head>

<div1>
<head type="sub">Project Director</head>
<list>
<item>R. Douglas Hurt<lb/>
Professor, Department Head, Department of History<lb/>
Purdue University<lb/><lb/>
<p>Professor Hurt specializes in the history of the Trans-Appalachian and Trans-Mississippi West.   His books include: <hi rend="italic">The Great Plains during World War II</hi>; <hi rend="italic">The Indian Frontier, 1763-1846</hi>; <hi rend="italic">The Ohio Frontier, 1763-1830</hi>; <hi rend="italic">Nathan Boone and the American Frontier</hi>; <hi rend="italic">Agriculture and Slavery in Missouri's Little Dixie; Problems of Plenty:  The American Farmer in the Twentieth Century</hi>; <hi rend="italic">The Dust Bowl:  An Agricultural and Social History</hi>; and <hi rend="italic">Indian Agriculture in America:  Prehistory to the Present</hi>.</p>
</item>
</list>
</div1>

<div1>
<head type="sub">CDRH Project Team</head>
<list>
<item>Katherine Walter, CDRH Co-Director</item>
<item>Karin Dalziel, Digital Resources Designer</item>
<item>Adam Kiser, Undergraduate Design Student</item>
<item>Nic Swiercek, Graduate Assistant</item>
<item>Laura Weakly, Metadata Encoding Specialist</item>
</list>
</div1>
    <div1>
        <head type="sub">About</head>
<p><hi rend="italic">The Great Plains during World War II</hi> is an electronic archive of congressional debates, government documents, newspaper articles, letters, photographs, posters, and illustrations about daily life in the Great Plains from 1939 to 1945.  This digital collection will help researchers understand the significance of World War II to the residents of the region, all within the context of national and international events.</p>

</div1>
</body>
</text>
</TEI>
