<?xml version="1.0" encoding="ISO-8859-1"?>
<?xml-stylesheet href="homefront.xsl" type="text/xsl"?>
<!DOCTYPE TEI PUBLIC "-//UNL Libraries::Etext Center//DTD homefront.dtd (UNL Etext Center)//EN" "homefront.dtd" [
<!NOTATION jpeg SYSTEM "JPEG">
<!ENTITY homefront.news.ag.19420308 SYSTEM "homefront.news.ag.19420308.jpg" NDATA jpeg>
]>

<TEI id="homefront.news.index">
    <teiHeader>
        <fileDesc>
            <titleStmt>
                <title level="m" type="main">Pooling of Farm Machinery Relieves Shortage of
                    Labor</title>
                <author/>
                <principal>R. Douglas Hurt</principal>
                <respStmt>
                    <resp>Project Team</resp>
                    <name>Katherine Walter</name>
                    <name>Brian Pytlik Zillig</name>
                    <name>Laura Weakly</name>
                    <name>Zach Bajaber</name>
                    <name>Nic Swiercek</name>
                </respStmt>
            </titleStmt>
            <editionStmt>
                <edition>
                    <date>2007</date>
                </edition>
            </editionStmt>
            <publicationStmt>
                <idno>homefront.news.ag.19420308</idno>
                <authority>The Home Front in the Great Plains During World War II,
                    1939&#8211;1945</authority>
                <publisher>University of Nebraska&#8211;Lincoln</publisher>
                <distributor>
                    <name>Center for Digital Research in the Humanities</name>
                    <address>
<addrLine>319 Love Library</addrLine>
<addrLine>University of Nebraska&#8211;Lincoln</addrLine>
<addrLine>Lincoln, NE 68588-4100</addrLine>
<addrLine>cdrh@unlnotes.unl.edu</addrLine>
</address>
                </distributor>
                <date>2007</date>
                <availability>
                    <p>Copyright &#169; 2007 by University of Nebraska&#8211;Lincoln, all
                        rights reserved. Redistribution or republication in any medium, except as
                        allowed under the Fair Use provisions of U.S. copyright law, requires
                        express written consent from the editors and advance notification of the
                        publisher, the University of Nebraska&#8211;Lincoln.</p>
                </availability>
            </publicationStmt>
            <notesStmt>
                <note type="project"> </note>
            </notesStmt>

            <sourceDesc> </sourceDesc>
        </fileDesc>

        <profileDesc>
            <textClass>
                <keywords n="topic">
                    <term/>
                </keywords>
            </textClass>
        </profileDesc>

        <revisionDesc>
            <change>
                <date>2007-10-10</date>
                <respStmt>
                    <name>Nic Swiercek</name>
                </respStmt>
                Initial Encoding<lb/>
            </change>
            <change>
                <date>2007-09-19</date>
                <respStmt>
                    <name>Nic Swiercek</name>
                </respStmt>
                Transcription<lb/>
            </change>
        </revisionDesc>
    </teiHeader>

    <text>
        <body>
            <div1>

                <head type="main">Newspapers</head>

            </div1>

            <div2>

                        <ref target="amarilloglobe">Amarillo Globe</ref>
                    <lb/>

                    
                        <ref target="billingsgazette">Billings Gazette</ref>
                    <lb/>

                    
                        <ref target="dakotafarmer">Dakota Farmer</ref>
                    <lb/>


                    
                        <ref target="dallas">Dallas Morning News</ref>
                    <lb/>


                    
                        <ref target="dailyoklahoman">Daily Oklahoman</ref>
                    <lb/>


                    
                        <ref target="denver">Denver Post</ref>
                    <lb/>


                    
                        <ref target="kearneydailyhub">Kearney Daily Hub</ref>
                    <lb/>


                    
                        <ref target="kansasfarmer">Kansas Farmer</ref>
                    <lb/>


                    
                        <ref target="lincoln">Lincoln Star</ref>
                    <lb/>


                    
                        <ref target="lincolnjournalandstar">Lincoln Sunday Journal and Star</ref>
                    <lb/>


                    
                        <ref target="nebraskafarmer">Nebraska Farmer</ref>
                    <lb/>


                    
                        <ref target="sundayworldherald">Sunday World-Herald</ref>
                    <lb/>


                    
                        <ref target="omaha">Omaha World-Herald</ref>
                    <lb/>


                    
                        <ref target="rapidcitydailyjournal">Rapid City Daily Journal</ref>
                    <lb/>


                    
                        <ref target="roswell">Roswell Daily Record</ref>
                    <lb/>


                    
                        <ref target="salina">Salina Journal</ref>
                    <lb/>

                    
                        <ref target="wichita">Wichita Eagle</ref>
                    <lb/>


                    
                        <ref target="wyoming">Wyoming State Tribune</ref>
                    <lb/>


     










                <head type="sub" id="amarilloglobe">Amarillo Globe</head>
                <ref n="homefront.news.ag.19420308.html">Pooling of Farm Machinery Relieves Shortage
                    of Labor (1942-03-08)</ref>

                <lb/>
                <ref n="homefront.news.ag.19420927b.html">Clovis Rapidly Becoming a Mecca For U.S.
                    Army Installations (1942-09-27)</ref>

                <lb/>
                <ref n="homefront.news.ag.19420621.html">Amarillo Women Are 'Doing Something, Too',
                    in Keeping Business 'As Usual' (1942-06-21)</ref>

                <lb/>
                <ref n="homefront.news.ag.19420927.html">Amarillo Girls Don't Mind Black Car Grease
                    Getting Under Nails (1942-09-27)</ref>

                <lb/>
                <ref n="homefront.news.ag.19420927a.html">Roswell School Now Turning Out First-Rate
                    Bombardiers, Pilots (1942-09-27)</ref>

                <lb/>
                <ref n="homefront.news.ag.19430217.html">Clip This Consumer Ration Form At Home,
                    Fill It Out, Save Time (1943-02-17)</ref>

                <lb/>

                <head type="sub" id="billingsgazette">Billings Gazette</head>
                <ref n="homefront.news.bg.19421220.html">Great Falls Army Air Base Is Ready for Big
                    Training Program (1942-12-20)</ref>

                <lb/>
                <ref n="homefront.news.bt.19420323.html">Farms Will Draw on New Labor Sources for
                    1942 (1942-03-23)</ref>

                <lb/>
                <ref n="homefront.news.bt.19440615.html">2,000 Mexican Workers in N.D.
                    (1944-06-15)</ref>

                <lb/>
                <ref n="homefront.news.bt.19440701.html">Mexican Workers May Come Here
                    (1944-07-01)</ref>

                <lb/>
                <ref n="homefront.news.bt.19440721.html">3,000 Mexican Harvest Workers Due in N.D.
                    Soon (1944-07-21)</ref>

                <lb/>

                <head type="sub" id="dakotafarmer">Dakota Farmer</head>
                <ref n="homefront.news.df.19421114.html">This is Going to be Tough!
                    (1942-11-14)</ref>

                <lb/>
                <ref n="homefront.news.df.19450707.html">Your Mexican Hired Hand (1945-07-07)</ref>

                <lb/>

                <head type="sub" id="dallas">Dallas Morning News</head>
                <ref n="homefront.news.dmn.19430314.html">Dallas Girls and Boys Aid in March to
                    Victory By Training for War Jobs at NYA Workshop (1943-03-13)</ref>

                <lb/>
                <ref n="homefront.news.dmn.19430620.html">Average Soldier on Week End In Dallas Not
                    Rowdy With Girls Or Liquor; 1.67 Per Cent Jailed (1943-06-20)</ref>

                <lb/>
                <ref n="homefront.news.dmn.19441005.html">Rains, Lack of Pickers Menace Cotton Crop
                    (1944-10-05)</ref>

                <lb/>
                <ref n="homefront.news.dmn.19441006.html">Rains, Picker Shortage Upset Cotton
                    Growers (1944-10-06)</ref>

                <lb/>
                <ref n="homefront.news.dmn.19450616.html">Arrests Break Up Huge Sugar Ring In Black
                    Market (1945-06-16)</ref>

                <lb/>
                <ref n="homefront.news.dmn.19450629.html">Sugar Lack May Shut Bakeries Extra Day
                    (1945-06-29)</ref>

                <lb/>

                <head type="sub" id="dailyoklahoman">Daily Oklahoman</head>
                <ref n="homefront.news.do.19401012.html">Construction of Air Base Here To Be Started
                    Within Month (1940-10-12)</ref>

                <lb/>
                <ref n="homefront.news.do.19401026.html">Army to Station Third Air Unit At City
                    Airport (1940-10-26)</ref>

                <lb/>
                <ref n="homefront.news.do.19401128.html">Army to Expand Its Expenditures at City
                    Airport (1940-11-28)</ref>

                <lb/>
                <ref n="homefront.news.do.19420104.html">Oklahoma Drivers Urged to Drive Slowly to
                    Conserve Rubber (1942-01-04)</ref>

                <lb/>
                <ref n="homefront.news.do.19420216.html">Fifty Aggie Co-Eds Enter New Firemanship
                    Course for Women (1942-05-20)</ref>

                <lb/>
                <ref n="homefront.news.do.19420520.html">State Schools Need Seen As 400 Teachers
                    (1942-05-20)</ref>

                <lb/>
                <ref n="homefront.news.do.19421009.html">60 Kiwanians to Pick Cotton; Banker to Be
                    Water Boy (1942-10-09)</ref>

                <lb/>
                <ref n="homefront.news.do.19421221.html">New Jobs for Women (1942-12-21)</ref>

                <lb/>
                <ref n="homefront.news.do.19430103.html">Eight Taverns Banned Under Navy's Ruling
                    (1943-01-03)</ref>

                <lb/>
                <ref n="homefront.news.do.19430627.html">Men at War, Wheat Harvest Is Story of Women
                    in Fields (1943-06-27)</ref>

                <lb/>

                <head type="sub" id="denverpost">Denver Post</head>
                <ref n="homefront.news.dp.19430601.html">Low-Flying Fortress 'Bombs' City Home With
                    Lead Weight (1943-06-01)</ref>

                <lb/>
                <ref n="homefront.news.dp.19400629.html">Yount Says Lowry Field Will Be Big Defense
                    Unit (1940-01-29)</ref>

                <lb/>
                <ref n="homefront.news.dp.19400905.html">Lowry Expansion Outstrips Schedule
                    (1940-09-05)</ref>

                <lb/>
                <ref n="homefront.news.dp.19400915.html">Minneapolis Bid Is Low on Lowry Job
                    (1940-09-15)</ref>

                <lb/>
                <ref n="homefront.news.dp.19401009.html">$3,000,000 Housing Plan Will Fit Ft. Warren
                    For 10,000 Men (1940-10-09)</ref>

                <lb/>
                <ref n="homefront.news.dp.19411012.html">U.S. Will Ask Bigger Crops in Colorado
                    (1941-10-12)</ref>

                <lb/>
                <ref n="homefront.news.dp.19411216.html">Businessmen Join Colorado Defense Force
                    (1940-12-16)</ref>

                <lb/>
                <ref n="homefront.news.dp.19411229.html">Denver Rushes Plan for Tire Rationing
                    (1941-12-29)</ref>

                <lb/>
                <ref n="homefront.news.dp.19411230.html">Only 1.4 Per Cent of Colorado Cars May Get
                    Tires (1941-12-30)</ref>

                <lb/>
                <ref n="homefront.news.dp.19411231.html">State's Tire Rationing Boards Setup Nearing
                    Completion (1941-12-31)</ref>

                <lb/>
                <ref n="homefront.news.dp.19420210.html">Cafe Sugar Bowls to Vanish Thursday Until
                    War Is Ended (1942-02-10)</ref>

                <lb/>
                <ref n="homefront.news.dp.19420502.html">Denver Area Fights U.S. Plan for Youth
                    Farming Battalions (1942-05-02)</ref>

                <lb/>
                <ref n="homefront.news.dp.19420521.html">Western Farmers Are Told to Solve Labor
                    Problems (1942-05-21)</ref>

                <lb/>
                <ref n="homefront.news.dp.19420909.html">State Needs 3,439 More Beet Workers
                    (1942-09-09)</ref>

                <lb/>
                <ref n="homefront.news.dp.19421129.html">Drivers Still Fail to Heed 35-Mile Limit
                    (1942-11-29)</ref>

                <lb/>
                <ref n="homefront.news.dp.19430125.html">U.S. to Mobilize 'Land Army' of over 3
                    Millions (1943-01-25)</ref>

                <lb/>
                <ref n="homefront.news.dp.19430222a.html">Point Ration to Halve Normal Consumption
                    of Canned Foods (1943-02-22)</ref>

                <lb/>
                <ref n="homefront.news.dp.19430222b.html">Official Table of Point Values for
                    Processed Foods (1943-02-22)</ref>

                <lb/>
                <ref n="homefront.news.dp.19430403.html">Ordnance Plant Has Fine Record
                    (1943-04-03)</ref>

                <lb/>
                <ref n="homefront.news.dp.19430416.html">Gov. Vivian Renews Demands Army Farmers Be
                    Release (1943-04-16)</ref>

                <lb/>
                <ref n="homefront.news.dp.19430706.html">Great Land Army Being Mobilized for Harvest
                    (1943-07-06)</ref>

                <lb/>
                <ref n="homefront.news.dp.19440229.html">Farm Work Call Is Issued to Women and
                    Children (1944-02-29)</ref>

                <lb/>
                <ref n="homefront.news.dp.19440406.html">Fort Logan Will Get First Convalescent
                    Cases in Two Weeks (1944-04-06)</ref>

                <lb/>
                <ref n="homefront.news.dp.19440414.html">Ft. Logan to Be Convalescent Center
                    Starting at Midnight (1944-04-14)</ref>

                <lb/>
                <ref n="homefront.news.dp.19440525.html">Taverns Ordered to Help In Cleanup of
                    Pueblo (1944-05-25)</ref>

                <lb/>
                <ref n="homefront.news.dp.19440901.html">Fort Logan Designated as Demobilization
                    Post (1944-09-01)</ref>

                <lb/>
                <ref n="homefront.news.dp.19440928.html">Women's Land Army Is Doing Big Job in State
                    (1944-09-28)</ref>

                <lb/>
                <ref n="homefront.news.dp.19450701.html">Midwest Women Save American Farms
                    (1945-07-01)</ref>

                <lb/>
                <ref n="homefront.news.dp.19450713.html">U.S. Sugar Mess Will Get Worse
                    (1945-07-13)</ref>

                <lb/>

                <head type="sub" id="kearneydailyhub">Kearney Daily Hub</head>
                <ref n="homefront.news.kdh.19401207.html">Nebraska Receives Place in Defense
                    Industry Picture (1940-12-07)</ref>

                <lb/>
                <ref n="homefront.news.kdh.19410526.html">Nebraska Home Defense Plans Being
                    Completed (1941-05-26)</ref>

                <lb/>
                <ref n="homefront.news.kdh.19420411.html">Training Women in Aircraft Sheet Metal
                    Work Will Start Next Week (1942-04-11)</ref>

                <lb/>

                <head type="sub" id="kansasfarmer">Kansas Farmer</head>
                <ref n="homefront.news.kf.19440304.html">Women Will Drive Tractors
                    (1944-03-04)</ref>

                <lb/>

                <head type="sub" id="lincoln">Lincoln Star</head>
                <ref n="homefront.news.ls.19430119.html">Sale of 'Strong Beer' at Lincoln Air Base
                    Flayed (1943-01-19)</ref>

                <lb/>
                <ref n="homefront.news.ls.19430202.html">Norfolk Board of Education Protesting
                    Teachers Going To War Work (1943-02-02)</ref>

                <lb/>

                <head type="sub" id="lincolnjournalandstar">Lincoln Sunday Journal and Star</head>
                <ref n="homefront.news.lsjs.19430131a.html">War Brings Many Changes in Lincoln
                    (1943-01-31)</ref>

                <lb/>
                <ref n="homefront.news.lsjs.19430131b.html">Union college trains women for civilian
                    work in war (1943-01-31)</ref>

                <lb/>

                <head type="sub" id="nebraskafarmer">Nebraska Farmer</head>
                <ref n="homefront.news.nf.19420124.html">Farm Prices Rise as War Continues
                    (1942-01-24)</ref>

                <lb/>
                <ref n="homefront.news.nf.19420711.html">Nebraska's 120 Thousand Fighting Farmers
                    (1942-07-11)</ref>

                <lb/>
                <ref n="homefront.news.nf.19441104.html">Corn Harvest Is Big Job (1944-11-04)</ref>

                <lb/>

                <head type="sub" id="sundayworldherald">Sunday World-Herald</head>
                <ref n="homefront.news.owh.19400107.html">Now the Co-Eds Fly for Uncle Sam
                    (1940-01-07)</ref>

                <lb/>
                <ref n="homefront.news.owh.19410601.html">Over Lush Nebraska Fields Soars Feminine
                    Dawn Patrol (1941-06-01)</ref>

                <lb/>
                <ref n="homefront.news.owh.19410608.html">Arms Plants for Nebraska Seem Unlikely
                    (1941-06-08)</ref>

                <lb/>

                <head type="sub" id="omaha">Omaha World-Herald</head>
                <ref n="homefront.news.owh.19410725.html">10 Tons of Pots 'n' Pans for Uncle Sam
                    (1941-07-25)</ref>

                <lb/>
                <ref n="homefront.news.owh.19411010.html">Omaha's Gift to Defense, Aluminum, on the
                    Way (1940-10-10)</ref>

                <lb/>
                <ref n="homefront.news.owh.19420111.html">Rigid Quotas for Machinery for Farmers
                    (1942-01-11)</ref>

                <lb/>
                <ref n="homefront.news.owh.19420207.html">Urges School Boys to Fill Farm Jobs
                    (1942-02-07)</ref>

                <lb/>
                <ref n="homefront.news.owh.19420426.html">City Lads Learn Farm Work to Help Meet
                    Rural Labor Shortage (1942-04-26)</ref>

                <lb/>
                <ref n="homefront.news.owh.19420621.html">Women Given Auto Testing Jobs; 'Get Along
                    Just Fine' (1942-06-21)</ref>

                <lb/>
                <ref n="homefront.news.owh.19420702.html">Alliance Becomes Typical Boom Town as
                    Workers Swarm to Build Glider School (1942-07-02)</ref>

                <lb/>
                <ref n="homefront.news.owh.19420716.html">Collection Centers Are Set in City's Drive
                    for Scrap; WPA Will Aid in State (1942-07-16)</ref>

                <lb/>
                <ref n="homefront.news.owh.19420721.html">Huskers Turn Over Tires Used in Practice
                    to Scrap (1942-07-21)</ref>

                <lb/>
                <ref n="homefront.news.owh.19420722.html">Burt County Holds Per Capita Lead in State
                    Scrap Campaign; Omaha's Pickup Makes Spurt (1942-07-22)</ref>

                <lb/>
                <ref n="homefront.news.owh.19420730.html">Women Learn About Autos (1942-07-30)</ref>

                <lb/>
                <ref n="homefront.news.owh.19420820.html">Memo to Mrs. Public (1942-08-20)</ref>

                <lb/>
                <ref n="homefront.news.owh.19420826.html">'Tribute to Nebraskans' (1942-08-26)</ref>

                <lb/>
                <ref n="homefront.news.owh.19421025.html">Wanted: Women! (1942-10-25)</ref>

                <lb/>
                <ref n="homefront.news.owh.19421101.html">Nebraska Scrap Average is 226.74 Pounds;
                    Thought U. S. Top; Far Past WPB Goal (1942-11-01)</ref>

                <lb/>
                <ref n="homefront.news.owh.19421107a.html">Four Violations Draw Fines of $100 After
                    Omaha Has 17-Minute Blackout Test (1942-11-07)</ref>

                <lb/>
                <ref n="homefront.news.owh.19421107b.html">'Turn 'Em Off' (1942-11-07)</ref>

                <lb/>
                <ref n="homefront.news.owh.19421211.html">Farm Implement Dealers Fear Loss of
                    Business (1942-12-11)</ref>

                <lb/>
                <ref n="homefront.news.owh.19421213.html">Typical of 2,000 Women Workers at Bomber
                    Plant (1942-12-13)</ref>

                <lb/>
                <ref n="homefront.news.owh.19430124.html">Women Not Afraid of Grease and Dirt Train
                    for Army Ordnance Depot Jobs (1943-01-24)</ref>

                <lb/>
                <ref n="homefront.news.owh.19430201.html">Omaha Meets Raid Test (1943-02-01)</ref>

                <lb/>
                <ref n="homefront.news.owh.19430301.html">Are Farmerettes Worth Their Keep?
                    (1943-03-01)</ref>

                <lb/>
                <ref n="homefront.news.owh.19430331.html">Women Are Making Good in War Work
                    (1943-03-31)</ref>

                <lb/>
                <ref n="homefront.news.owh.19430425.html">Women Taking Hotel Jobs (1943-04-25)</ref>

                <lb/>
                <ref n="homefront.news.owh.19430514.html">50 Mexicans Reach State (1943-05-14)</ref>

                <lb/>
                <ref n="homefront.news.owh.19430704a.html">Bomb (1943-07-04)</ref>

                <lb/>
                <ref n="homefront.news.owh.19430704b.html">Bombs for Hitler, Hirohito loaded at
                    Grand Island (1943-07-04)</ref>

                <lb/>
                <ref n="homefront.news.owh.19430704c.html">Women Do Nine-Tenths of the Work
                    (1943-07-04)</ref>

                <lb/>
                <ref n="homefront.news.owh.19430711.html">Men May Well Be Amazed at Jobs Women are
                    Holding (1943-07-11)</ref>

                <lb/>
                <ref n="homefront.news.owh.19430729.html">State's Farm Women Earn a Chapter in War
                    History (1943-07-29)</ref>

                <lb/>
                <ref n="homefront.news.owh.19431107.html">Women War Help Sought (1943-11-07)</ref>

                <lb/>
                <ref n="homefront.news.owh.19431205.html">Nebraska Paper Salvage Gains Momentum
                    (1943-12-05)</ref>

                <lb/>
                <ref n="homefront.news.owh.19440101.html">Farms Score Food Victory
                    (1944-01-01)</ref>

                <lb/>
                <ref n="homefront.news.owh.19440409.html">Thousand Women Needed at Once to Cope with
                    Patriotic Hens' Output (1944-04-09)</ref>

                <lb/>
                <ref n="homefront.news.owh.19440416.html">Girl Reporter Discovers Eight Steps to
                    Breaking Eggs, Work Is Fun After Learning Rhythm Speeds Output
                    (1944-04-16)</ref>

                <lb/>
                <ref n="homefront.news.owh.19441022.html">Few Sign Up for Beet Harvest Work;
                    Recruiter May Try to Enlist Mexicans (1944-10-22)</ref>

                <lb/>
                <ref n="homefront.news.owh.19441119.html">2,000 More Martin Plant Workers Needed at
                    Once (1944-11-19)</ref>

                <lb/>

                <head type="sub" id="rapidcitydailyjournal">Rapid City Daily Journal</head>
                <ref n="homefront.news.rcdj.19420205.html">Air Base Work Increases Here
                    (1942-02-05)</ref>

                <lb/>
                <ref n="homefront.news.rcdj.19420226.html">Last Year's Record Farm Output Is Base
                    For Bigger Production (1942-02-26)</ref>

                <lb/>
                <ref n="homefront.news.rcdj.19420328.html">Sioux Falls Named As Site of $15,000,000
                    Army Radio School (1942-03-28)</ref>

                <lb/>
                <ref n="homefront.news.rcdj.19421010.html">Benefits To Rapid City As Result Of Air
                    Base Many And Varied&#8211;Bank Debits In City Lead The Entire
                    State&#8211;Financial Gains Still Felt (1942-10-10)</ref>

                <lb/>
                <ref n="homefront.news.rcdj.19430315.html">Second Hand Farm Implements, Once
                    Ignored, Are Now Bringing Fabulous Prices At Rural Sales (1943-03-15)</ref>

                <lb/>
                <ref n="homefront.news.rcdj.19441013.html">Unlucky Farmers Will Pick Corn All Winter
                    (1944-10-13)</ref>

                <lb/>
                <ref n="homefront.news.rcdj.19450205.html">Mexicans Aided State Harvest
                    (1945-02-05)</ref>

                <lb/>
                <ref n="homefront.news.rcdj.19450915.html">Inactivation Of Base Here Effective
                    Friday (1945-09-15)</ref>

                <lb/>
                <ref n="homefront.news.rcdj.19450921.html">Most Civilians Leave Jobs At Army Air
                    Base (1945-09-21)</ref>

                <lb/>

                <head type="sub" id="roswell">Roswell Daily Record</head>
                <ref n="homefront.news.rdr.19410808a.html">War Department Announces Big Air Field
                    Comming to Roswell Will Cost Total $6,500,000 (1941-08-08)</ref>

                <lb/>
                <ref n="homefront.news.rdr.19410808b.html">Tuesday for $30,000 to Buy Land for Army
                    Air School (1941-08-08)</ref>

                <lb/>
                <ref n="homefront.news.rdr.19410810.html">The Army Air Base and What Roswell People
                    Say of It (1941-08-10)</ref>

                <lb/>
                <ref n="homefront.news.rdr.19410814.html">Work on Army Air Base May Start In
                    September; Give Up Land August 31st; Permanent Brick and Stucco Buildings
                    (1941-08-14)</ref>

                <lb/>
                <ref n="homefront.news.rdr.19411107.html">Work to Start Soon on Roswell Air Base
                    (1941-11-07)</ref>

                <lb/>
                <ref n="homefront.news.rdr.19421016.html">Roswell High School Students To Pick
                    Cotton (1942-10-16)</ref>

                <lb/>

                <head type="sub" id="salina">Salina Journal</head>
                <ref n="homefront.news.sj.19410214.html">Home Guard Duty (1941-02-14)</ref>

                <lb/>
                <ref n="homefront.news.sj.19410528.html">Kansas Home Guard Training Program
                    (1941-05-28)</ref>

                <lb/>
                <ref n="homefront.news.sj.19410605.html">State Guard Here (1941-06-05)</ref>

                <lb/>
                <ref n="homefront.news.sj.19411004.html">State Food Goals (1941-10-04)</ref>

                <lb/>
                <ref n="homefront.news.sj.19411008.html">Double Food Task (1941-10-08)</ref>

                <lb/>
                <ref n="homefront.news.sj.19420422.html">Sign For Sweets (1942-04-22)</ref>

                <lb/>
                <ref n="homefront.news.sj.19420428.html">Site Surveyed for Salina's New Air Base
                    (1942-04-28)</ref>

                <lb/>
                <ref n="homefront.news.sj.19420429.html">Air Base Sure (1942-04-29)</ref>

                <lb/>
                <ref n="homefront.news.sj.19420511.html">Men For Harvest (1942-05-11)</ref>

                <lb/>
                <ref n="homefront.news.sj.19420515.html">Saline Protest In (1942-05-15)</ref>

                <lb/>
                <ref n="homefront.news.sj.19420606.html">Thousands of Acres of Saline County Becomes
                    a Defense Area (1942-06-06)</ref>

                <lb/>
                <ref n="homefront.news.sj.19420914.html">Business Men, School Boys as Farm Workers
                    (1942-09-14)</ref>

                <lb/>
                <ref n="homefront.news.sj.19420923.html">Leave School to Help in Harvest
                    (1942-09-23)</ref>

                <lb/>
                <ref n="homefront.news.sj.19421021.html">Must Share Rides (1942-10-21)</ref>

                <lb/>
                <ref n="homefront.news.sj.19421029.html">Share on Farms (1942-10-29)</ref>

                <lb/>
                <ref n="homefront.news.sj.19421030.html">Ready for Ration (1942-10-30)</ref>

                <lb/>
                <ref n="homefront.news.sj.19430824.html">Calls on Schools to Provide Labor
                    (1943-08-24)</ref>

                <lb/>
                <ref n="homefront.news.sj.19440114.html">Women Will Be Enlisted for Harvest
                    (1944-01-14)</ref>

                <lb/>
                <ref n="homefront.news.sj.19440331.html">Women Undertake Work on Saline Farms
                    (1944-03-31)</ref>

                <lb/>
                <ref n="homefront.news.sj.19440830.html">Camp Phillips to Be Closed
                    (1944-08-30)</ref>

                <lb/>
                <ref n="homefront.news.sj.19450602.html">Not a Ghost Camp (1945-06-02)</ref>

                <lb/>
                <ref n="homefront.news.sj.19450705.html">Horse Meat Has Moved to Table
                    (1945-07-05)</ref>

                <lb/>

                <head type="sub" id="wichita">Wichita Eagle</head>
                <ref n="homefront.news.we.19420119.html">Wichita Women Now Make Hands Pay Big
                    Dividends (1942-01-19)</ref>

                <lb/>
                <ref n="homefront.news.we.19421129.html">Share-The-Ride Plan Launched at Wichita
                    (1942-11-29)</ref>

                <lb/>
                <ref n="homefront.news.we.19431023.html">Suggests Training of Women Farmers
                    (1943-10-23)</ref>

                <lb/>
                <ref n="homefront.news.we.19440514.html">City Folk to Aid of Harvests
                    (1944-05-14)</ref>

                <lb/>
                <ref n="homefront.news.wye.19411225.html">State Orders Tire Rationing Committees for
                    All Counties (1941-12-25)</ref>

                <lb/>
                <ref n="homefront.news.wye.19411231.html">State Ration Quota on New Tires is Set
                    (1941-12-31)</ref>

                <lb/>
                <ref n="homefront.news.wye.19420114.html">Clothes Designs Especially for Farm Women
                    at Work Planned (1942-01-14)</ref>

                <lb/>
                <ref n="homefront.news.wye.19411231.html">50 MPH Road Limit Urged in Wyoming
                    (1942-01-15)</ref>

                <lb/>
                <ref n="homefront.news.wye.19420423.html">Labor Shortage Putting More Women Workers
                    Upon Farms (1942-04-23)</ref>

                <lb/>
                <ref n="homefront.news.wye.19420723.html">Volunteers Save Sugar Beets of Sheridan
                    Region (1942-07-23)</ref>

                <lb/>
                <ref n="homefront.news.wye.19420814.html">Labor Shortage in Sugar Beet and Bean
                    Fields Grows Grave (1942-08-14)</ref>

                <lb/>
                <ref n="homefront.news.wye.19420814.html">Wickard Orders Rationing for Farm Machines
                    (1942-09-17)</ref>

                <lb/>
                <ref n="homefront.news.wye.19421008.html">Increased Use of Women on Farms Sought
                    (1942-10-08)</ref>

                <lb/>
                <ref n="homefront.news.wye.19430505.html">Persons Eating Regularly At Cafes,
                    Institutions, Must Pay Ration Points (1943-05-05)</ref>

                <lb/>
                <ref n="homefront.news.wye.19440719.html">Few Motorists Obey Wartime Speeding Law
                    (1944-07-19)</ref>

                <lb/>
                <ref n="homefront.news.wye.19450524.html">Meat Shortage Reaches Acute Stage in
                    Cheyenne (1945-05-24)</ref>

                <lb/>

                <head type="sub" id="wyoming">Wyoming State Tribune</head>
                <ref n="homefront.news.wst.19401202.html">150 Carpenters Go to Work at Cantonment
                    (1940-12-02)</ref>

                <lb/>
                <ref n="homefront.news.wst.19430524.html">U. P. and Ft. Warren Agree to Pay for
                    Water on Basis of Use (1943-05-24)</ref>

                <lb/>
                <ref n="homefront.news.wst.19430524.html">U. P. and Ft. Warren Agree to Pay for
                    Water on Basis of Use (1943-05-24)</ref>


                <lb/>
                <ref n="homefront.news.wst.19440103.html">Here Are Ration Point Changes for January
                    (1944-01-03)</ref>

                <lb/>
                <ref n="homefront.news.wst.19440414.html">Library Aids Waste Paper Salvage Here
                    (1944-04-14)</ref>

                <lb/>
                <ref n="homefront.news.wst.19440613.html">Mexico Will Send 20,000 to Labor For Beet
                    Growers (1944-06-13)</ref>

                <lb/><lb/><lb/><lb/><lb/><lb/><lb/><lb/><lb/><lb/>

            </div2>

        </body>
    </text>
</TEI>
