<?xml version="1.0" encoding="ISO-8859-1"?>
<?xml-stylesheet href="homefront.xsl" type="text/xsl"?>
<!DOCTYPE TEI PUBLIC "-//UNL Libraries::Etext Center//DTD homefront.dtd (UNL Etext Center)//EN" "homefront.dtd" [
<!NOTATION jpeg SYSTEM "JPEG">
<!ENTITY homefront.news.owh.19420721 SYSTEM "homefront.news.owh.19420721.jpg" NDATA jpeg>
]>

<TEI id="homefront.news.owh.19420721">
<teiHeader>
<fileDesc>
<titleStmt>
<title level="m" type="main">Huskers Turn Over Tires Used in Practice to Scrap</title>
<author></author>
<principal>R. Douglas Hurt</principal>
<respStmt>
<resp>Project Team</resp>
<name>Katherine Walter</name>
<name>Brian Pytlik Zillig</name>
<name>Laura Weakly</name>
<name>Zach Bajaber</name>
<name>Nic Swiercek</name>
</respStmt>
</titleStmt>
<editionStmt>
<edition>
<date>2007</date>
</edition>
</editionStmt>
<publicationStmt>
<idno>homefront.news.owh.19420721</idno>
<authority>The Home Front in the Great Plains During World War II, 1939&#8211;1945</authority>
<publisher>University of Nebraska&#8211;Lincoln</publisher>
<distributor>
<name>Center for Digital Research in the Humanities</name>
<address>
<addrLine>319 Love Library</addrLine>
<addrLine>University of Nebraska&#8211;Lincoln</addrLine>
<addrLine>Lincoln, NE 68588-4100</addrLine>
<addrLine>cdrh@unlnotes.unl.edu</addrLine>
</address>
</distributor>
<date>2007</date>
<availability>
<p>Copyright &#169; 2007 by University of Nebraska&#8211;Lincoln, all rights reserved. Redistribution or republication in any medium, except as allowed under the Fair Use provisions of U.S. copyright law, requires express written consent from the editors and advance notification of the publisher, the University of Nebraska&#8211;Lincoln.</p>
</availability>
</publicationStmt>
<notesStmt>
<note type="project">

</note>
</notesStmt>

<sourceDesc>

<bibl>
<title level="j">Omaha World-Herald</title>
<title level="a">Huskers Turn Over Tires Used in Practice to Scrap</title>
<title level="a" type="sub"></title>
<author></author>
<biblScope type="pages">9-A</biblScope>
<biblScope type="columns">2-3</biblScope>
<publisher>Omaha World-Herald</publisher>
<pubPlace>Omaha, NE</pubPlace>
<date value="1942-07-21">1942-07-21</date>
</bibl>

</sourceDesc>
</fileDesc>

<profileDesc>
<textClass>
<keywords n="topic">
<term>Rationing-salvage</term>
</keywords>
</textClass>
</profileDesc>

<revisionDesc>
<change>
<date>2007-09-05</date>
<respStmt>
<name>Nic Swiercek</name>
</respStmt>
<item>Initial Encoding</item>
</change>
<change>
<date>2007-07</date>
<respStmt>
<name>Leslie Working</name>
</respStmt>
<item>Transcription</item>
</change>
</revisionDesc>
</teiHeader>

<text>
<body>
<div1 type="part">

<!-- <figure entity="homefront.news.owh.19420721">
<figDesc></figDesc>
</figure> -->

<pb n="p9"/>

<figure>
<figDesc>"Uncle Sam needs them more than the Cornhuskers," observed Coach Glenn Presnell (left), University of Nebraska head football coach, as he watched Athletic Director John K. Selleck cut the chains guarding old auto tires to toss on the nation's salvage pile.</figDesc>
</figure>

<head type="main">Huskers Turn Over Tires<lb/>Used in Practice to Scrap</head>
<milestone unit="smallbar"/>

<p>World-Herald Bureau,</p>
<p><address><addrLine>Lincoln</addrLine></address>, <dateline><date value="1942-07-20">July 20</date></dateline></p>

<p>If the Cornhusker halfbacks don't do a fancy job of sidestepping this fall you can blame it on the war.</p>

<p>Head Coach Glenn Presnell Monday tossed two dozen old auto tires on the Nebraska salvage pile.</p>

<p>For 10 years the tires have been used in September routine (sic) designed to improve the footwork of Cornhusker football candidates.</p>

<p>"I believe we can accomplish the same job next fall with chalk circles," observed Presnell.</p>
</div1>

</body>
</text>
</TEI>

