<?xml version="1.0" encoding="ISO-8859-1"?>
<?xml-stylesheet href="homefront.xsl" type="text/xsl"?>
<!DOCTYPE TEI PUBLIC "-//UNL Libraries::Etext Center//DTD homefront.dtd (UNL Etext Center)//EN" "homefront.dtd" [
<!NOTATION jpeg SYSTEM "JPEG">
<!ENTITY homefront.news.wye.19440719 SYSTEM "homefront.news.wye.19440719.jpg" NDATA jpeg>
]>

<TEI id="homefront.news.wye.19440719">  

<teiHeader>
<fileDesc>
<titleStmt>
<title level="m" type="main">Few Motorists Obey Wartime Speeding Law</title>
<author></author>
<principal>R. Douglas Hurt</principal>
<respStmt>
<resp>Project Team</resp>
<name>Katherine Walter</name>
<name>Brian Pytlik Zillig</name>
<name>Laura Weakly</name>
<name>Zach Bajaber</name>
<name>Nic Swiercek</name>
</respStmt>
</titleStmt>
<editionStmt>
<edition>
<date>2007</date>
</edition>
</editionStmt>
<publicationStmt>
<idno>homefront.news.wye.19440719</idno>
<authority>The Home Front in the Great Plains During World War II, 1939&#8211;1945</authority>
<publisher>University of Nebraska&#8211;Lincoln</publisher>
<distributor>
<name>Center for Digital Research in the Humanities</name>
<address>
<addrLine>319 Love Library</addrLine>
<addrLine>University of Nebraska&#8211;Lincoln</addrLine>
<addrLine>Lincoln, NE 68588-4100</addrLine>
<addrLine>cdrh@unlnotes.unl.edu</addrLine>
</address>
</distributor>
<date>2007</date>
<availability>
<p>Copyright &#169; 2007 by University of Nebraska&#8211;Lincoln, all rights reserved. Redistribution or republication in any medium, except as allowed under the Fair Use provisions of U.S. copyright law, requires express written consent from the editors and advance notification of the publisher, the University of Nebraska&#8211;Lincoln.</p>
</availability>
</publicationStmt>
<notesStmt>
<note type="project">

</note>
</notesStmt>

<sourceDesc>

<bibl>
<title level="j">Wyoming Eagle</title>
<title level="a">Few Motorists Obey Wartime Speeding Law</title>
<author></author>
<biblScope type="pages"></biblScope>
<biblScope type="columns"></biblScope>
<publisher>Wyoming Eagle</publisher>
<pubPlace>Cheyenne, WY</pubPlace>
<date value="1944-07-19">1944-07-19</date>
</bibl>

</sourceDesc>
</fileDesc>

<profileDesc>
<textClass>
<keywords n="topic">
<term>Rationing-automobile</term>
</keywords>
</textClass>
</profileDesc>

<revisionDesc>
<change>
<date>2007-09-12</date>
<respStmt>
<name>Nic Swiercek</name>
</respStmt>
<item>Initial Encoding</item>
</change>
<change>
<date>2007-07</date>
<respStmt>
<name>Leslie Working</name>
</respStmt>
<item>Transcription</item>
</change>
</revisionDesc>
</teiHeader>

<text>
<body>
<div1 type="part">

<figure entity="homefront.news.wye.19440719">
<figDesc></figDesc>
</figure>

<pb n=""/>
<head type="main">Few Motorists Obey Wartime Speeding Law</head>
<milestone unit="smallbar"/>

<p>"Very few drivers in Wyoming are staying within the 35-mile speed limit and a good many are exceeding the state highway law of 60 miles per hour," R. J. Bromley, superintendent of the state highway department, said yesterday on his return from two extensive inspection trips over the state.</p>

<p>Bromley gave this observation when discussing the alarming increase in highway deaths in Wyoming during the present year.</p>

<p>"I believe most of these accidents to be due to excessive speed, excessive especially in view of the condition of cars today," he said, adding, "many of the drivers whom I observe speeding are out-of-state persons."</p>
</div1>

</body>
</text>
</TEI>


